State,County,G_16,M_16,US_16,U_16,V_16,H_16,G_17,M_17,US_17,U_17,V_17,H_17,IO_16,IO_17,healthy
Alabama,DeKalb,0.8735632183908046,0.1235632183908046,0.0028735632183908046,0.0,0.0,0.0,0.9164345403899722,0.08356545961002786,0.0,0.0,0.0,0.0,1.0,1.0,1
Alabama,Etowah,0.4602272727272727,0.5227272727272727,0.008522727272727272,0.008522727272727272,0.0,0.0,0.6472222222222223,0.3472222222222222,0.002777777777777778,0.002777777777777778,0.0,0.0,0.0,0.0,0
Alabama,Jefferson,0.5218579234972678,0.453551912568306,0.02185792349726776,0.00273224043715847,0.0,0.0,0.39452054794520547,0.5808219178082191,0.024657534246575342,0.0,0.0,0.0,0.0,0.0,0
Alabama,Mobile,0.7568306010928961,0.23770491803278687,0.00546448087431694,0.0,0.0,0.0,0.8236914600550964,0.162534435261708,0.013774104683195593,0.0,0.0,0.0,0.0,1.0,0
Alabama,Morgan,0.8328767123287671,0.16164383561643836,0.005479452054794521,0.0,0.0,0.0,0.8708791208791209,0.12912087912087913,0.0,0.0,0.0,0.0,1.0,1.0,1
Alabama,Tuscaloosa,0.6136986301369863,0.3863013698630137,0.0,0.0,0.0,0.0,0.4714285714285714,0.5257142857142857,0.002857142857142857,0.0,0.0,0.0,0.0,0.0,0
Alaska,Anchorage ,0.7977839335180056,0.20221606648199447,0.0,0.0,0.0,0.0,0.8575342465753425,0.13972602739726028,0.0027397260273972603,0.0,0.0,0.0,0.0,0.0,1
Alaska,Denali ,0.9972067039106145,0.002793296089385475,0.0,0.0,0.0,0.0,1.0,0.0,0.0,0.0,0.0,0.0,1.0,1.0,1
Alaska,Fairbanks North Star ,0.5956284153005464,0.2459016393442623,0.09289617486338798,0.06557377049180328,0.0,0.0,0.6547945205479452,0.2219178082191781,0.0684931506849315,0.0547945205479452,0.0,0.0,0.0,0.0,0
Alaska,Matanuska-Susitna ,0.8169398907103825,0.1721311475409836,0.01092896174863388,0.0,0.0,0.0,0.8465753424657534,0.13972602739726028,0.010958904109589041,0.0027397260273972603,0.0,0.0,1.0,1.0,0
Arizona,Apache,0.994535519125683,0.00546448087431694,0.0,0.0,0.0,0.0,0.9945205479452055,0.005479452054794521,0.0,0.0,0.0,0.0,0.0,0.0,1
Arizona,Cochise,0.76775956284153,0.226775956284153,0.00546448087431694,0.0,0.0,0.0,0.6958904109589041,0.2958904109589041,0.00821917808219178,0.0,0.0,0.0,1.0,1.0,1
Arizona,Coconino,0.8224043715846995,0.17759562841530055,0.0,0.0,0.0,0.0,0.7095890410958904,0.2876712328767123,0.0027397260273972603,0.0,0.0,0.0,1.0,1.0,0
Arizona,Gila,0.22950819672131148,0.37158469945355194,0.3251366120218579,0.07377049180327869,0.0,0.0,0.18904109589041096,0.4246575342465753,0.3287671232876712,0.057534246575342465,0.0,0.0,0.0,0.0,0
Arizona,La Paz,0.8054794520547945,0.1917808219178082,0.0027397260273972603,0.0,0.0,0.0,0.770949720670391,0.22346368715083798,0.00558659217877095,0.0,0.0,0.0,1.0,1.0,0
Arizona,Maricopa,0.16120218579234974,0.7377049180327869,0.09836065573770492,0.0,0.00273224043715847,0.0,0.13972602739726028,0.7095890410958904,0.136986301369863,0.0136986301369863,0.0,0.0,1.0,1.0,0
Arizona,Mohave,0.9411764705882353,0.058823529411764705,0.0,0.0,0.0,0.0,0.9830985915492958,0.016901408450704224,0.0,0.0,0.0,0.0,0.0,0.0,1
Arizona,Navajo,0.8224043715846995,0.17759562841530055,0.0,0.0,0.0,0.0,0.7643835616438356,0.2328767123287671,0.0027397260273972603,0.0,0.0,0.0,1.0,1.0,0
Arizona,Pima,0.5491803278688525,0.43989071038251365,0.01092896174863388,0.0,0.0,0.0,0.3972602739726027,0.5835616438356165,0.019178082191780823,0.0,0.0,0.0,1.0,1.0,0
Arizona,Santa Cruz,0.7162534435261708,0.2809917355371901,0.0,0.0027548209366391185,0.0,0.0,0.7561643835616438,0.2328767123287671,0.005479452054794521,0.005479452054794521,0.0,0.0,0.0,0.0,0
Arizona,Yuma,0.6229508196721312,0.33879781420765026,0.03278688524590164,0.00273224043715847,0.0,0.00273224043715847,0.6602739726027397,0.3013698630136986,0.03287671232876712,0.0027397260273972603,0.0027397260273972603,0.0,1.0,1.0,0
Arkansas,Clark,0.9887323943661972,0.011267605633802818,0.0,0.0,0.0,0.0,0.9636871508379888,0.036312849162011177,0.0,0.0,0.0,0.0,1.0,1.0,1
Arkansas,Crittenden,0.8579234972677595,0.13387978142076504,0.00546448087431694,0.00273224043715847,0.0,0.0,0.7671232876712328,0.23013698630136986,0.0027397260273972603,0.0,0.0,0.0,1.0,1.0,0
Arkansas,Newton,0.9562841530054644,0.04371584699453552,0.0,0.0,0.0,0.0,0.9534246575342465,0.04657534246575343,0.0,0.0,0.0,0.0,1.0,1.0,1
Arkansas,Polk,0.8688524590163934,0.13114754098360656,0.0,0.0,0.0,0.0,0.8950276243093923,0.10497237569060773,0.0,0.0,0.0,0.0,1.0,1.0,1
Arkansas,Pulaski,0.7021857923497268,0.2978142076502732,0.0,0.0,0.0,0.0,0.6904109589041096,0.30684931506849317,0.0027397260273972603,0.0,0.0,0.0,0.0,0.0,0
Arkansas,Union,0.9316939890710383,0.06557377049180328,0.0,0.00273224043715847,0.0,0.0,0.7287671232876712,0.27123287671232876,0.0,0.0,0.0,0.0,0.0,0.0,0
Arkansas,Washington,0.9234972677595629,0.07650273224043716,0.0,0.0,0.0,0.0,0.7013698630136986,0.29863013698630136,0.0,0.0,0.0,0.0,1.0,0.0,1
California,Alameda,0.6530054644808743,0.30601092896174864,0.03551912568306011,0.00546448087431694,0.0,0.0,0.5178082191780822,0.4438356164383562,0.024657534246575342,0.010958904109589041,0.0027397260273972603,0.0,1.0,0.0,0
California,Amador,0.8306010928961749,0.1557377049180328,0.01366120218579235,0.0,0.0,0.0,0.8038674033149171,0.1850828729281768,0.011049723756906077,0.0,0.0,0.0,1.0,1.0,1
California,Butte,0.46174863387978143,0.49453551912568305,0.04371584699453552,0.0,0.0,0.0,0.41643835616438357,0.5178082191780822,0.06301369863013699,0.0027397260273972603,0.0,0.0,1.0,1.0,0
California,Calaveras,0.6338797814207651,0.30601092896174864,0.060109289617486336,0.0,0.0,0.0,0.4774011299435028,0.4830508474576271,0.03389830508474576,0.005649717514124294,0.0,0.0,1.0,1.0,1
California,Colusa,0.7431693989071039,0.2568306010928962,0.0,0.0,0.0,0.0,0.7506849315068493,0.2273972602739726,0.019178082191780823,0.0027397260273972603,0.0,0.0,1.0,1.0,0
California,Contra Costa,0.7841530054644809,0.20765027322404372,0.00819672131147541,0.0,0.0,0.0,0.6082191780821918,0.3589041095890411,0.021917808219178082,0.010958904109589041,0.0,0.0,1.0,0.0,0
California,El Dorado,0.6065573770491803,0.27595628415300544,0.08469945355191257,0.03278688524590164,0.0,0.0,0.649171270718232,0.26519337016574585,0.0856353591160221,0.0,0.0,0.0,1.0,1.0,0
California,Fresno,0.25136612021857924,0.46174863387978143,0.2185792349726776,0.06830601092896176,0.0,0.0,0.27945205479452057,0.3917808219178082,0.2547945205479452,0.07123287671232877,0.0027397260273972603,0.0,1.0,1.0,0
California,Glenn,0.7154696132596685,0.2845303867403315,0.0,0.0,0.0,0.0,0.7780821917808219,0.20273972602739726,0.019178082191780823,0.0,0.0,0.0,1.0,1.0,1
California,Humboldt,0.8879781420765027,0.11202185792349727,0.0,0.0,0.0,0.0,0.8653846153846154,0.10989010989010989,0.01098901098901099,0.01098901098901099,0.0027472527472527475,0.0,1.0,1.0,1
California,Kern,0.1912568306010929,0.4918032786885246,0.2786885245901639,0.03825136612021858,0.0,0.0,0.20821917808219179,0.410958904109589,0.3150684931506849,0.06575342465753424,0.0,0.0,1.0,1.0,0
California,Kings,0.23224043715846995,0.5655737704918032,0.19398907103825136,0.00819672131147541,0.0,0.0,0.2602739726027397,0.5397260273972603,0.14246575342465753,0.057534246575342465,0.0,0.0,1.0,1.0,0
California,Los Angeles,0.08743169398907104,0.6284153005464481,0.22131147540983606,0.05191256830601093,0.01092896174863388,0.0,0.10410958904109589,0.5671232876712329,0.20273972602739726,0.10410958904109589,0.021917808219178082,0.0,1.0,1.0,0
California,Madera,0.3360655737704918,0.5273224043715847,0.1284153005464481,0.00819672131147541,0.0,0.0,0.38904109589041097,0.4794520547945205,0.11506849315068493,0.01643835616438356,0.0,0.0,1.0,1.0,0
California,Marin,0.9262295081967213,0.07377049180327869,0.0,0.0,0.0,0.0,0.7945205479452054,0.18356164383561643,0.0136986301369863,0.00821917808219178,0.0,0.0,1.0,0.0,0
California,Mariposa,0.5983606557377049,0.3469945355191257,0.05191256830601093,0.00273224043715847,0.0,0.0,0.5205479452054794,0.3698630136986301,0.08493150684931507,0.024657534246575342,0.0,0.0,1.0,1.0,0
California,Mendocino,0.9175824175824175,0.08241758241758242,0.0,0.0,0.0,0.0,0.7479452054794521,0.23013698630136986,0.019178082191780823,0.0027397260273972603,0.0,0.0,1.0,1.0,1
California,Merced,0.43169398907103823,0.4726775956284153,0.09016393442622951,0.00546448087431694,0.0,0.0,0.44505494505494503,0.46153846153846156,0.08516483516483517,0.008241758241758242,0.0,0.0,1.0,1.0,0
California,Monterey,0.8879781420765027,0.08196721311475409,0.00819672131147541,0.02185792349726776,0.0,0.0,0.8328767123287671,0.1643835616438356,0.0027397260273972603,0.0,0.0,0.0,1.0,1.0,0
California,Napa,0.8087431693989071,0.1912568306010929,0.0,0.0,0.0,0.0,0.6291208791208791,0.3324175824175824,0.019230769230769232,0.013736263736263736,0.005494505494505495,0.0,0.0,0.0,1
California,Nevada,0.6420765027322405,0.23497267759562843,0.1092896174863388,0.01366120218579235,0.0,0.0,0.547945205479452,0.23013698630136986,0.16986301369863013,0.052054794520547946,0.0,0.0,1.0,1.0,0
California,Orange,0.4098360655737705,0.5491803278688525,0.03551912568306011,0.00546448087431694,0.0,0.0,0.4054794520547945,0.5068493150684932,0.0821917808219178,0.005479452054794521,0.0,0.0,1.0,1.0,0
California,Placer,0.5601092896174863,0.3442622950819672,0.08196721311475409,0.01366120218579235,0.0,0.0,0.5753424657534246,0.3315068493150685,0.08767123287671233,0.005479452054794521,0.0,0.0,1.0,1.0,0
California,Plumas,0.704225352112676,0.2647887323943662,0.028169014084507043,0.0028169014084507044,0.0,0.0,0.6296296296296297,0.29914529914529914,0.04843304843304843,0.022792022792022793,0.0,0.0,0.0,0.0,0
California,Riverside,0.12021857923497267,0.5273224043715847,0.23497267759562843,0.10109289617486339,0.01092896174863388,0.00546448087431694,0.14246575342465753,0.4438356164383562,0.273972602739726,0.1178082191780822,0.01643835616438356,0.005479452054794521,1.0,1.0,0
California,Sacramento,0.5109289617486339,0.3770491803278688,0.09289617486338798,0.01912568306010929,0.0,0.0,0.4328767123287671,0.4712328767123288,0.09041095890410959,0.005479452054794521,0.0,0.0,1.0,1.0,0
California,San Benito,0.8333333333333334,0.15300546448087432,0.01366120218579235,0.0,0.0,0.0,0.8164383561643835,0.1780821917808219,0.005479452054794521,0.0,0.0,0.0,1.0,1.0,0
California,San Bernardino,0.07650273224043716,0.546448087431694,0.21311475409836064,0.13114754098360656,0.03278688524590164,0.0,0.08493150684931507,0.5095890410958904,0.20273972602739726,0.13972602739726028,0.06301369863013699,0.0,1.0,1.0,0
California,San Diego,0.1885245901639344,0.6967213114754098,0.1092896174863388,0.00546448087431694,0.0,0.0,0.2273972602739726,0.6027397260273972,0.15342465753424658,0.01643835616438356,0.0,0.0,1.0,1.0,0
California,San Francisco,0.8493150684931506,0.1506849315068493,0.0,0.0,0.0,0.0,0.7561643835616438,0.22465753424657534,0.019178082191780823,0.0,0.0,0.0,0.0,0.0,0
California,San Joaquin,0.3770491803278688,0.5519125683060109,0.06830601092896176,0.00273224043715847,0.0,0.0,0.5068493150684932,0.40273972602739727,0.09041095890410959,0.0,0.0,0.0,0.0,1.0,0
California,San Luis Obispo,0.48360655737704916,0.4918032786885246,0.02185792349726776,0.00273224043715847,0.0,0.0,0.3917808219178082,0.5863013698630137,0.021917808219178082,0.0,0.0,0.0,1.0,1.0,0
California,San Mateo,0.8273972602739726,0.1726027397260274,0.0,0.0,0.0,0.0,0.8054794520547945,0.17534246575342466,0.010958904109589041,0.00821917808219178,0.0,0.0,0.0,0.0,1
California,Santa Barbara,0.7131147540983607,0.2540983606557377,0.02459016393442623,0.00546448087431694,0.0,0.00273224043715847,0.6767123287671233,0.273972602739726,0.019178082191780823,0.024657534246575342,0.005479452054794521,0.0,1.0,1.0,1
California,Santa Clara,0.7431693989071039,0.2540983606557377,0.00273224043715847,0.0,0.0,0.0,0.6575342465753424,0.3095890410958904,0.024657534246575342,0.00821917808219178,0.0,0.0,1.0,1.0,0
California,Santa Cruz,0.9480874316939891,0.05191256830601093,0.0,0.0,0.0,0.0,0.8547945205479452,0.13424657534246576,0.010958904109589041,0.0,0.0,0.0,1.0,1.0,0
California,Shasta,0.8142076502732241,0.14754098360655737,0.03825136612021858,0.0,0.0,0.0,0.7205479452054795,0.2410958904109589,0.03287671232876712,0.005479452054794521,0.0,0.0,1.0,1.0,0
California,Solano,0.7595628415300546,0.23497267759562843,0.00546448087431694,0.0,0.0,0.0,0.6684931506849315,0.3041095890410959,0.0136986301369863,0.0136986301369863,0.0,0.0,1.0,1.0,0
California,Sonoma,0.9508196721311475,0.04918032786885246,0.0,0.0,0.0,0.0,0.852054794520548,0.13424657534246576,0.005479452054794521,0.00821917808219178,0.0,0.0,1.0,1.0,1
California,Stanislaus,0.4016393442622951,0.4808743169398907,0.1092896174863388,0.00819672131147541,0.0,0.0,0.4273972602739726,0.4,0.1506849315068493,0.021917808219178082,0.0,0.0,1.0,1.0,0
California,Sutter,0.453551912568306,0.45901639344262296,0.08743169398907104,0.0,0.0,0.0,0.4958904109589041,0.4794520547945205,0.024657534246575342,0.0,0.0,0.0,1.0,0.0,0
California,Tehama,0.6174863387978142,0.2677595628415301,0.10109289617486339,0.01366120218579235,0.0,0.0,0.7178082191780822,0.25753424657534246,0.01643835616438356,0.00821917808219178,0.0,0.0,1.0,1.0,0
California,Tulare,0.2185792349726776,0.4426229508196721,0.2786885245901639,0.060109289617486336,0.0,0.0,0.2547945205479452,0.3972602739726027,0.26301369863013696,0.08493150684931507,0.0,0.0,1.0,1.0,0
California,Yolo,0.8005464480874317,0.1885245901639344,0.01092896174863388,0.0,0.0,0.0,0.726027397260274,0.2547945205479452,0.01643835616438356,0.0027397260273972603,0.0,0.0,1.0,1.0,0
Colorado,Adams,0.7185792349726776,0.2786885245901639,0.00273224043715847,0.0,0.0,0.0,0.5643835616438356,0.4301369863013699,0.005479452054794521,0.0,0.0,0.0,1.0,1.0,0
Colorado,Alamosa,0.9833333333333333,0.011111111111111112,0.002777777777777778,0.0,0.002777777777777778,0.0,0.9943502824858758,0.005649717514124294,0.0,0.0,0.0,0.0,0.0,0.0,0
Colorado,Arapahoe,0.7295081967213115,0.2540983606557377,0.01639344262295082,0.0,0.0,0.0,0.6136986301369863,0.36712328767123287,0.019178082191780823,0.0,0.0,0.0,1.0,1.0,0
Colorado,Denver,0.45081967213114754,0.5382513661202186,0.01092896174863388,0.0,0.0,0.0,0.5013698630136987,0.4931506849315068,0.005479452054794521,0.0,0.0,0.0,0.0,0.0,0
Colorado,Douglas,0.6988950276243094,0.2569060773480663,0.04143646408839779,0.0027624309392265192,0.0,0.0,0.5674931129476584,0.3856749311294766,0.0440771349862259,0.0027548209366391185,0.0,0.0,1.0,1.0,0
Colorado,El Paso,0.7185792349726776,0.27595628415300544,0.00546448087431694,0.0,0.0,0.0,0.6547945205479452,0.336986301369863,0.00821917808219178,0.0,0.0,0.0,1.0,1.0,0
Colorado,Garfield,0.7213114754098361,0.27595628415300544,0.00273224043715847,0.0,0.0,0.0,0.8159340659340659,0.18406593406593408,0.0,0.0,0.0,0.0,1.0,1.0,0
Colorado,Gunnison,0.8633879781420765,0.1366120218579235,0.0,0.0,0.0,0.0,0.7630853994490359,0.23415977961432508,0.0027548209366391185,0.0,0.0,0.0,1.0,1.0,0
Colorado,Jefferson,0.6693989071038251,0.27595628415300544,0.04644808743169399,0.00819672131147541,0.0,0.0,0.5863013698630137,0.336986301369863,0.07671232876712329,0.0,0.0,0.0,1.0,1.0,0
Colorado,La Plata,0.6857923497267759,0.2923497267759563,0.02185792349726776,0.0,0.0,0.0,0.7123287671232876,0.27671232876712326,0.010958904109589041,0.0,0.0,0.0,1.0,1.0,0
Colorado,Larimer,0.5163934426229508,0.46174863387978143,0.01912568306010929,0.00273224043715847,0.0,0.0,0.536986301369863,0.4301369863013699,0.030136986301369864,0.0027397260273972603,0.0,0.0,1.0,1.0,0
Colorado,Mesa,0.7103825136612022,0.28688524590163933,0.00273224043715847,0.0,0.0,0.0,0.7232876712328767,0.27671232876712326,0.0,0.0,0.0,0.0,1.0,1.0,0
Colorado,Montezuma,0.7814207650273224,0.2185792349726776,0.0,0.0,0.0,0.0,0.7780821917808219,0.2191780821917808,0.0027397260273972603,0.0,0.0,0.0,1.0,1.0,0
Colorado,Prowers,0.9803921568627451,0.01680672268907563,0.0028011204481792717,0.0,0.0,0.0,0.9830028328611898,0.0169971671388102,0.0,0.0,0.0,0.0,0.0,0.0,0
Colorado,Rio Blanco,0.8934426229508197,0.10655737704918032,0.0,0.0,0.0,0.0,0.7561643835616438,0.24383561643835616,0.0,0.0,0.0,0.0,1.0,1.0,0
Colorado,Weld,0.6721311475409836,0.319672131147541,0.00819672131147541,0.0,0.0,0.0,0.5835616438356165,0.39452054794520547,0.019178082191780823,0.0027397260273972603,0.0,0.0,1.0,1.0,0
Connecticut,Fairfield,0.6092896174863388,0.32786885245901637,0.04371584699453552,0.01912568306010929,0.0,0.0,0.7315068493150685,0.22465753424657534,0.03287671232876712,0.010958904109589041,0.0,0.0,0.0,0.0,0
Connecticut,Hartford,0.73224043715847,0.24863387978142076,0.01639344262295082,0.00273224043715847,0.0,0.0,0.7671232876712328,0.22465753424657534,0.00821917808219178,0.0,0.0,0.0,1.0,1.0,0
Connecticut,Litchfield,0.8415300546448088,0.1366120218579235,0.01912568306010929,0.00273224043715847,0.0,0.0,0.9173553719008265,0.07713498622589532,0.005509641873278237,0.0,0.0,0.0,1.0,1.0,0
Connecticut,New Haven,0.6994535519125683,0.26229508196721313,0.030054644808743168,0.00819672131147541,0.0,0.0,0.7863013698630137,0.18082191780821918,0.021917808219178082,0.010958904109589041,0.0,0.0,1.0,1.0,0
Connecticut,New London,0.8571428571428571,0.11484593837535013,0.025210084033613446,0.0028011204481792717,0.0,0.0,0.896551724137931,0.08045977011494253,0.017241379310344827,0.005747126436781609,0.0,0.0,0.0,1.0,0
Connecticut,Windham,0.9245810055865922,0.06424581005586592,0.008379888268156424,0.002793296089385475,0.0,0.0,0.9408450704225352,0.04788732394366197,0.011267605633802818,0.0,0.0,0.0,1.0,1.0,0
Delaware,Kent,0.8241758241758241,0.17032967032967034,0.005494505494505495,0.0,0.0,0.0,0.8393351800554016,0.15789473684210525,0.002770083102493075,0.0,0.0,0.0,1.0,1.0,0
Delaware,New Castle,0.6502732240437158,0.3224043715846995,0.02459016393442623,0.00273224043715847,0.0,0.0,0.6684931506849315,0.3013698630136986,0.030136986301369864,0.0,0.0,0.0,1.0,1.0,0
Delaware,Sussex,0.7923497267759563,0.1994535519125683,0.00819672131147541,0.0,0.0,0.0,0.8383561643835616,0.1589041095890411,0.0027397260273972603,0.0,0.0,0.0,1.0,1.0,0
District Of Columbia,District of Columbia,0.5765027322404371,0.40437158469945356,0.01912568306010929,0.0,0.0,0.0,0.4904109589041096,0.4986301369863014,0.010958904109589041,0.0,0.0,0.0,0.0,0.0,0
Florida,Alachua,0.8916666666666667,0.10555555555555556,0.002777777777777778,0.0,0.0,0.0,0.8901408450704226,0.10985915492957747,0.0,0.0,0.0,0.0,1.0,1.0,1
Florida,Baker,0.9329608938547486,0.0670391061452514,0.0,0.0,0.0,0.0,0.9549295774647887,0.04507042253521127,0.0,0.0,0.0,0.0,1.0,1.0,1
Florida,Bay,0.8961748633879781,0.10382513661202186,0.0,0.0,0.0,0.0,0.8301369863013699,0.16986301369863013,0.0,0.0,0.0,0.0,1.0,1.0,1
Florida,Brevard,0.907103825136612,0.09289617486338798,0.0,0.0,0.0,0.0,0.8948863636363636,0.10511363636363637,0.0,0.0,0.0,0.0,1.0,1.0,0
Florida,Broward,0.817174515235457,0.18282548476454294,0.0,0.0,0.0,0.0,0.7703081232492998,0.21568627450980393,0.014005602240896359,0.0,0.0,0.0,1.0,0.0,1
Florida,Citrus,0.8873626373626373,0.10989010989010989,0.0027472527472527475,0.0,0.0,0.0,0.8238636363636364,0.17613636363636365,0.0,0.0,0.0,0.0,0.0,0.0,1
Florida,Collier,0.9180327868852459,0.08196721311475409,0.0,0.0,0.0,0.0,0.907563025210084,0.09243697478991597,0.0,0.0,0.0,0.0,1.0,1.0,1
Florida,Duval,0.7349726775956285,0.2650273224043716,0.0,0.0,0.0,0.0,0.7890410958904109,0.20821917808219179,0.0027397260273972603,0.0,0.0,0.0,1.0,1.0,0
Florida,Escambia,0.8579234972677595,0.14207650273224043,0.0,0.0,0.0,0.0,0.8712328767123287,0.12054794520547946,0.00821917808219178,0.0,0.0,0.0,1.0,1.0,1
Florida,Hillsborough,0.7041095890410959,0.27945205479452057,0.0136986301369863,0.0027397260273972603,0.0,0.0,0.7270194986072424,0.2618384401114206,0.011142061281337047,0.0,0.0,0.0,1.0,1.0,0
Florida,Holmes,0.8360655737704918,0.16393442622950818,0.0,0.0,0.0,0.0,0.8333333333333334,0.16666666666666666,0.0,0.0,0.0,0.0,1.0,1.0,1
Florida,Lee,0.8852459016393442,0.11202185792349727,0.00273224043715847,0.0,0.0,0.0,0.8953168044077136,0.1046831955922865,0.0,0.0,0.0,0.0,1.0,1.0,0
Florida,Leon,0.8227146814404432,0.1772853185595568,0.0,0.0,0.0,0.0,0.7338935574229691,0.2661064425770308,0.0,0.0,0.0,0.0,0.0,0.0,1
Florida,Manatee,0.9371584699453552,0.06284153005464481,0.0,0.0,0.0,0.0,0.9287671232876712,0.06301369863013699,0.00821917808219178,0.0,0.0,0.0,1.0,1.0,0
Florida,Marion,0.8852459016393442,0.11202185792349727,0.00273224043715847,0.0,0.0,0.0,0.8603988603988604,0.13675213675213677,0.002849002849002849,0.0,0.0,0.0,1.0,1.0,1
Florida,Martin,0.9008264462809917,0.09917355371900827,0.0,0.0,0.0,0.0,0.8778409090909091,0.11931818181818182,0.002840909090909091,0.0,0.0,0.0,1.0,1.0,0
Florida,Miami-Dade,0.7222222222222222,0.26944444444444443,0.008333333333333333,0.0,0.0,0.0,0.8022598870056498,0.1864406779661017,0.011299435028248588,0.0,0.0,0.0,0.0,0.0,0
Florida,Okaloosa,0.9453551912568307,0.0546448087431694,0.0,0.0,0.0,0.0,0.9452054794520548,0.0547945205479452,0.0,0.0,0.0,0.0,1.0,1.0,1
Florida,Orange,0.8005464480874317,0.1994535519125683,0.0,0.0,0.0,0.0,0.7582417582417582,0.23626373626373626,0.005494505494505495,0.0,0.0,0.0,1.0,1.0,0
Florida,Osceola,0.9344262295081968,0.06557377049180328,0.0,0.0,0.0,0.0,0.9504132231404959,0.0440771349862259,0.005509641873278237,0.0,0.0,0.0,1.0,1.0,0
Florida,Palm Beach,0.7465181058495822,0.24512534818941503,0.005571030640668524,0.002785515320334262,0.0,0.0,0.7352112676056338,0.2591549295774648,0.005633802816901409,0.0,0.0,0.0,1.0,0.0,1
Florida,Pasco,0.8961748633879781,0.10109289617486339,0.00273224043715847,0.0,0.0,0.0,0.896551724137931,0.09770114942528736,0.005747126436781609,0.0,0.0,0.0,1.0,1.0,0
Florida,Pinellas,0.860655737704918,0.13934426229508196,0.0,0.0,0.0,0.0,0.7917808219178082,0.2054794520547945,0.0027397260273972603,0.0,0.0,0.0,1.0,1.0,1
Florida,Polk,0.8743169398907104,0.12568306010928962,0.0,0.0,0.0,0.0,0.8082191780821918,0.18082191780821918,0.010958904109589041,0.0,0.0,0.0,1.0,1.0,0
Florida,Santa Rosa,0.8852459016393442,0.11475409836065574,0.0,0.0,0.0,0.0,0.8186813186813187,0.1813186813186813,0.0,0.0,0.0,0.0,1.0,1.0,1
Florida,Sarasota,0.819672131147541,0.18032786885245902,0.0,0.0,0.0,0.0,0.7861111111111111,0.20833333333333334,0.005555555555555556,0.0,0.0,0.0,1.0,1.0,1
Florida,Seminole,0.9041095890410958,0.0958904109589041,0.0,0.0,0.0,0.0,0.9070422535211268,0.08732394366197183,0.005633802816901409,0.0,0.0,0.0,1.0,1.0,0
Florida,Volusia,0.883008356545961,0.116991643454039,0.0,0.0,0.0,0.0,0.8926553672316384,0.10734463276836158,0.0,0.0,0.0,0.0,1.0,1.0,1
Georgia,Bibb,0.7295081967213115,0.2568306010928962,0.01366120218579235,0.0,0.0,0.0,0.7780821917808219,0.2219178082191781,0.0,0.0,0.0,0.0,0.0,0.0,0
Georgia,Chatham,0.8306010928961749,0.16120218579234974,0.00819672131147541,0.0,0.0,0.0,0.7917808219178082,0.20821917808219179,0.0,0.0,0.0,0.0,0.0,0.0,1
Georgia,Clarke,0.8149171270718232,0.1685082872928177,0.011049723756906077,0.0055248618784530384,0.0,0.0,0.8722222222222222,0.12777777777777777,0.0,0.0,0.0,0.0,1.0,1.0,0
Georgia,DeKalb,0.47540983606557374,0.5,0.02185792349726776,0.00273224043715847,0.0,0.0,0.684931506849315,0.31232876712328766,0.0027397260273972603,0.0,0.0,0.0,0.0,0.0,1
Georgia,Dougherty,0.7245179063360881,0.27548209366391185,0.0,0.0,0.0,0.0,0.7640449438202247,0.23314606741573032,0.0,0.0028089887640449437,0.0,0.0,0.0,0.0,0
Georgia,Floyd,0.7841530054644809,0.21311475409836064,0.00273224043715847,0.0,0.0,0.0,0.6821917808219178,0.3178082191780822,0.0,0.0,0.0,0.0,0.0,0.0,1
Georgia,Fulton,0.5491803278688525,0.41530054644808745,0.03278688524590164,0.00273224043715847,0.0,0.0,0.5753424657534246,0.40821917808219177,0.01643835616438356,0.0,0.0,0.0,0.0,0.0,0
Georgia,Gwinnett,0.7780821917808219,0.19726027397260273,0.024657534246575342,0.0,0.0,0.0,0.7627118644067796,0.23728813559322035,0.0,0.0,0.0,0.0,1.0,1.0,1
Georgia,Henry,0.7945205479452054,0.18082191780821918,0.021917808219178082,0.0027397260273972603,0.0,0.0,0.8126801152737753,0.1786743515850144,0.008645533141210375,0.0,0.0,0.0,1.0,1.0,0
Georgia,Muscogee,0.7805555555555556,0.20555555555555555,0.013888888888888888,0.0,0.0,0.0,0.7972222222222223,0.20277777777777778,0.0,0.0,0.0,0.0,0.0,0.0,1
Georgia,Richmond,0.7452054794520548,0.23835616438356164,0.010958904109589041,0.005479452054794521,0.0,0.0,0.7561643835616438,0.2410958904109589,0.0,0.0,0.0,0.0027397260273972603,0.0,0.0,0
Hawaii,Hawaii,0.00273224043715847,0.14754098360655737,0.34972677595628415,0.49453551912568305,0.00273224043715847,0.00273224043715847,0.01643835616438356,0.1589041095890411,0.36164383561643837,0.4575342465753425,0.005479452054794521,0.0,0.0,0.0,0
Hawaii,Honolulu,0.9644808743169399,0.03551912568306011,0.0,0.0,0.0,0.0,0.936986301369863,0.06301369863013699,0.0,0.0,0.0,0.0,1.0,1.0,1
Hawaii,Kauai,0.994413407821229,0.00558659217877095,0.0,0.0,0.0,0.0,0.9972451790633609,0.0027548209366391185,0.0,0.0,0.0,0.0,0.0,0.0,1
Hawaii,Maui,0.9508196721311475,0.04644808743169399,0.00273224043715847,0.0,0.0,0.0,0.9752747252747253,0.024725274725274724,0.0,0.0,0.0,0.0,0.0,0.0,1
Idaho,Ada,0.773224043715847,0.20765027322404372,0.01912568306010929,0.0,0.0,0.0,0.6410958904109589,0.29863013698630136,0.049315068493150684,0.010958904109589041,0.0,0.0,1.0,1.0,0
Idaho,Bannock,0.8661202185792349,0.13387978142076504,0.0,0.0,0.0,0.0,0.7424657534246575,0.23835616438356164,0.00821917808219178,0.010958904109589041,0.0,0.0,0.0,0.0,0
Idaho,Benewah,0.7021857923497268,0.27595628415300544,0.01912568306010929,0.00273224043715847,0.0,0.0,0.5643835616438356,0.35342465753424657,0.0547945205479452,0.021917808219178082,0.0027397260273972603,0.0027397260273972603,0.0,0.0,1
Idaho,Boise,0.8512396694214877,0.1322314049586777,0.013774104683195593,0.0027548209366391185,0.0,0.0,0.7452054794520548,0.2273972602739726,0.01643835616438356,0.005479452054794521,0.005479452054794521,0.0,0.0,0.0,1
Idaho,Bonner,0.9207650273224044,0.07923497267759563,0.0,0.0,0.0,0.0,0.7928176795580111,0.17403314917127072,0.019337016574585635,0.0,0.013812154696132596,0.0,0.0,0.0,1
Idaho,Butte,0.9585635359116023,0.03867403314917127,0.0027624309392265192,0.0,0.0,0.0,0.8904899135446686,0.10086455331412104,0.008645533141210375,0.0,0.0,0.0,1.0,1.0,0
Idaho,Canyon,0.6994535519125683,0.2896174863387978,0.01092896174863388,0.0,0.0,0.0,0.7123287671232876,0.2410958904109589,0.03561643835616438,0.010958904109589041,0.0,0.0,0.0,0.0,0
Idaho,Idaho,0.8715846994535519,0.1284153005464481,0.0,0.0,0.0,0.0,0.7863013698630137,0.16712328767123288,0.021917808219178082,0.01643835616438356,0.00821917808219178,0.0,0.0,1.0,0
Idaho,Lemhi,0.6318681318681318,0.28846153846153844,0.07142857142857142,0.008241758241758242,0.0,0.0,0.6759776536312849,0.23743016759776536,0.06424581005586592,0.0223463687150838,0.0,0.0,0.0,0.0,0
Idaho,Nez Perce,0.8961748633879781,0.09836065573770492,0.00546448087431694,0.0,0.0,0.0,0.7863013698630137,0.1726027397260274,0.01643835616438356,0.01643835616438356,0.00821917808219178,0.0,0.0,0.0,1
Idaho,Shoshone,0.6693989071038251,0.31693989071038253,0.01366120218579235,0.0,0.0,0.0,0.6027397260273972,0.3287671232876712,0.052054794520547946,0.00821917808219178,0.00821917808219178,0.0,0.0,0.0,0
Illinois,Champaign,0.825136612021858,0.17486338797814208,0.0,0.0,0.0,0.0,0.7835616438356164,0.2136986301369863,0.0027397260273972603,0.0,0.0,0.0,1.0,1.0,0
Illinois,Cook,0.4890710382513661,0.46174863387978143,0.04371584699453552,0.00546448087431694,0.0,0.0,0.5041095890410959,0.4438356164383562,0.049315068493150684,0.0027397260273972603,0.0,0.0,0.0,0.0,0
Illinois,Kane,0.8519553072625698,0.12569832402234637,0.0223463687150838,0.0,0.0,0.0,0.8243626062322946,0.17280453257790368,0.0028328611898017,0.0,0.0,0.0,1.0,1.0,0
Illinois,La Salle,1.0,0.0,0.0,0.0,0.0,0.0,0.9972602739726028,0.0027397260273972603,0.0,0.0,0.0,0.0,0.0,0.0,1
Illinois,Macon,0.8005464480874317,0.19672131147540983,0.00273224043715847,0.0,0.0,0.0,0.5589041095890411,0.410958904109589,0.030136986301369864,0.0,0.0,0.0,1.0,0.0,0
Illinois,Macoupin,0.9419889502762431,0.058011049723756904,0.0,0.0,0.0,0.0,0.9285714285714286,0.07142857142857142,0.0,0.0,0.0,0.0,1.0,1.0,0
Illinois,Madison,0.6584699453551912,0.31693989071038253,0.02459016393442623,0.0,0.0,0.0,0.5945205479452055,0.38082191780821917,0.024657534246575342,0.0,0.0,0.0,1.0,1.0,0
Illinois,McHenry,0.8480662983425414,0.13535911602209943,0.016574585635359115,0.0,0.0,0.0,0.7759103641456583,0.21568627450980393,0.008403361344537815,0.0,0.0,0.0,1.0,1.0,0
Illinois,McLean,0.8442622950819673,0.15300546448087432,0.00273224043715847,0.0,0.0,0.0,0.782967032967033,0.21703296703296704,0.0,0.0,0.0,0.0,1.0,1.0,0
Illinois,Peoria,0.7513661202185792,0.24316939890710382,0.00546448087431694,0.0,0.0,0.0,0.7068493150684931,0.28493150684931506,0.00821917808219178,0.0,0.0,0.0,1.0,1.0,0
Illinois,Saint Clair,0.7650273224043715,0.22404371584699453,0.01092896174863388,0.0,0.0,0.0,0.8136986301369863,0.18356164383561643,0.0027397260273972603,0.0,0.0,0.0,1.0,1.0,0
Illinois,Sangamon,0.8763736263736264,0.12087912087912088,0.0027472527472527475,0.0,0.0,0.0,0.8186813186813187,0.17582417582417584,0.005494505494505495,0.0,0.0,0.0,1.0,1.0,0
Illinois,Tazewell,0.8888888888888888,0.08262108262108261,0.02849002849002849,0.0,0.0,0.0,1.0,0.0,0.0,0.0,0.0,0.0,0.0,0.0,1
Illinois,Wabash,0.9862637362637363,0.013736263736263736,0.0,0.0,0.0,0.0,0.9945054945054945,0.005494505494505495,0.0,0.0,0.0,0.0,0.0,0.0,1
Illinois,Will,0.7753424657534247,0.2219178082191781,0.0027397260273972603,0.0,0.0,0.0,0.7917808219178082,0.20821917808219179,0.0,0.0,0.0,0.0,1.0,1.0,0
Illinois,Winnebago,0.8926553672316384,0.09887005649717515,0.00847457627118644,0.0,0.0,0.0,0.8954802259887006,0.10451977401129943,0.0,0.0,0.0,0.0,1.0,1.0,0
Indiana,Allen,0.7374301675977654,0.2541899441340782,0.008379888268156424,0.0,0.0,0.0,0.7643835616438356,0.2328767123287671,0.0027397260273972603,0.0,0.0,0.0,0.0,1.0,0
Indiana,Bartholomew,0.7814207650273224,0.20491803278688525,0.01366120218579235,0.0,0.0,0.0,0.8626373626373627,0.13736263736263737,0.0,0.0,0.0,0.0,0.0,0.0,0
Indiana,Clark,0.7287671232876712,0.25205479452054796,0.019178082191780823,0.0,0.0,0.0,0.8406593406593407,0.1565934065934066,0.0027472527472527475,0.0,0.0,0.0,0.0,1.0,0
Indiana,Daviess,0.9915254237288136,0.00847457627118644,0.0,0.0,0.0,0.0,1.0,0.0,0.0,0.0,0.0,0.0,0.0,0.0,1
Indiana,Elkhart,0.7402234636871509,0.23743016759776536,0.0223463687150838,0.0,0.0,0.0,0.8246575342465754,0.1726027397260274,0.0027397260273972603,0.0,0.0,0.0,0.0,1.0,0
Indiana,Floyd,0.7650273224043715,0.2185792349726776,0.01639344262295082,0.0,0.0,0.0,0.7178082191780822,0.2684931506849315,0.0136986301369863,0.0,0.0,0.0,1.0,0.0,0
Indiana,Gibson,0.9644808743169399,0.0273224043715847,0.00819672131147541,0.0,0.0,0.0,0.9641873278236914,0.03581267217630854,0.0,0.0,0.0,0.0,0.0,0.0,1
Indiana,Hamilton,0.754874651810585,0.23676880222841226,0.008356545961002786,0.0,0.0,0.0,0.8273972602739726,0.16712328767123288,0.005479452054794521,0.0,0.0,0.0,0.0,1.0,0
Indiana,Knox,0.871866295264624,0.116991643454039,0.011142061281337047,0.0,0.0,0.0,0.9098591549295775,0.09014084507042254,0.0,0.0,0.0,0.0,1.0,1.0,0
Indiana,Lake,0.7049180327868853,0.2786885245901639,0.01366120218579235,0.0,0.00273224043715847,0.0,0.7013698630136986,0.28493150684931506,0.010958904109589041,0.0027397260273972603,0.0,0.0,0.0,1.0,0
Indiana,Madison,0.7625698324022346,0.23743016759776536,0.0,0.0,0.0,0.0,0.7643835616438356,0.2328767123287671,0.0027397260273972603,0.0,0.0,0.0,0.0,0.0,0
Indiana,Marion,0.5628415300546448,0.40710382513661203,0.030054644808743168,0.0,0.0,0.0,0.6,0.38904109589041097,0.010958904109589041,0.0,0.0,0.0,0.0,0.0,0
Indiana,Morgan,0.9207650273224044,0.07650273224043716,0.00273224043715847,0.0,0.0,0.0,0.95,0.044444444444444446,0.005555555555555556,0.0,0.0,0.0,1.0,1.0,0
Indiana,Pike,0.9917355371900827,0.008264462809917356,0.0,0.0,0.0,0.0,1.0,0.0,0.0,0.0,0.0,0.0,0.0,0.0,1
Indiana,Porter,0.7540983606557377,0.226775956284153,0.01912568306010929,0.0,0.0,0.0,0.7753424657534247,0.2,0.024657534246575342,0.0,0.0,0.0,0.0,1.0,0
Indiana,St. Joseph,0.7087912087912088,0.2692307692307692,0.02197802197802198,0.0,0.0,0.0,0.7479452054794521,0.2410958904109589,0.010958904109589041,0.0,0.0,0.0,0.0,1.0,0
Indiana,Vanderburgh,0.7445054945054945,0.2445054945054945,0.01098901098901099,0.0,0.0,0.0,0.7753424657534247,0.2191780821917808,0.005479452054794521,0.0,0.0,0.0,1.0,1.0,0
Indiana,Vigo,0.644808743169399,0.3333333333333333,0.01912568306010929,0.00273224043715847,0.0,0.0,0.6547945205479452,0.33972602739726027,0.005479452054794521,0.0,0.0,0.0,0.0,0.0,0
Indiana,Whitley,0.8651685393258427,0.1348314606741573,0.0,0.0,0.0,0.0,0.8314285714285714,0.16857142857142857,0.0,0.0,0.0,0.0,0.0,0.0,1
Iowa,Black Hawk,0.7472527472527473,0.25,0.0027472527472527475,0.0,0.0,0.0,0.6584022038567493,0.3415977961432507,0.0,0.0,0.0,0.0,0.0,0.0,1
Iowa,Clinton,0.4808743169398907,0.5163934426229508,0.00273224043715847,0.0,0.0,0.0,0.4273972602739726,0.5726027397260274,0.0,0.0,0.0,0.0,0.0,0.0,1
Iowa,Johnson,0.8333333333333334,0.16666666666666666,0.0,0.0,0.0,0.0,0.8076923076923077,0.19230769230769232,0.0,0.0,0.0,0.0,0.0,0.0,1
Iowa,Linn,0.7486338797814208,0.2459016393442623,0.00546448087431694,0.0,0.0,0.0,0.7671232876712328,0.2328767123287671,0.0,0.0,0.0,0.0,0.0,0.0,0
Iowa,Montgomery,0.825136612021858,0.1721311475409836,0.00273224043715847,0.0,0.0,0.0,0.7912087912087912,0.2087912087912088,0.0,0.0,0.0,0.0,0.0,1.0,1
Iowa,Muscatine,0.7540983606557377,0.2459016393442623,0.0,0.0,0.0,0.0,0.7315068493150685,0.2684931506849315,0.0,0.0,0.0,0.0,0.0,0.0,1
Iowa,Palo Alto,0.8360655737704918,0.15846994535519127,0.00273224043715847,0.00273224043715847,0.0,0.0,0.7643835616438356,0.2328767123287671,0.0027397260273972603,0.0,0.0,0.0,0.0,0.0,0
Iowa,Polk,0.8524590163934426,0.1448087431693989,0.00273224043715847,0.0,0.0,0.0,0.8027397260273973,0.19452054794520549,0.0027397260273972603,0.0,0.0,0.0,0.0,1.0,0
Iowa,Scott,0.35792349726775957,0.6366120218579235,0.00546448087431694,0.0,0.0,0.0,0.4821917808219178,0.5150684931506849,0.0027397260273972603,0.0,0.0,0.0,0.0,0.0,0
Iowa,Van Buren,0.7103825136612022,0.28415300546448086,0.00273224043715847,0.00273224043715847,0.0,0.0,0.7506849315068493,0.2493150684931507,0.0,0.0,0.0,0.0,0.0,0.0,1
Kansas,Ford,0.9836065573770492,0.01639344262295082,0.0,0.0,0.0,0.0,0.989010989010989,0.005494505494505495,0.0027472527472527475,0.0027472527472527475,0.0,0.0,0.0,0.0,0
Kansas,Johnson,0.9316939890710383,0.06830601092896176,0.0,0.0,0.0,0.0,0.8901098901098901,0.10989010989010989,0.0,0.0,0.0,0.0,1.0,1.0,1
Kansas,Leavenworth,0.919889502762431,0.08011049723756906,0.0,0.0,0.0,0.0,0.9418282548476454,0.05817174515235457,0.0,0.0,0.0,0.0,1.0,1.0,1
Kansas,Neosho,0.9180327868852459,0.08196721311475409,0.0,0.0,0.0,0.0,0.8904109589041096,0.1095890410958904,0.0,0.0,0.0,0.0,1.0,1.0,1
Kansas,Sedgwick,0.8469945355191257,0.15027322404371585,0.0,0.00273224043715847,0.0,0.0,0.7534246575342466,0.2465753424657534,0.0,0.0,0.0,0.0,1.0,1.0,1
Kansas,Shawnee,0.9153005464480874,0.08469945355191257,0.0,0.0,0.0,0.0,0.8282548476454293,0.17174515235457063,0.0,0.0,0.0,0.0,1.0,1.0,1
Kansas,Sumner,0.9148351648351648,0.08516483516483517,0.0,0.0,0.0,0.0,0.8712328767123287,0.12876712328767123,0.0,0.0,0.0,0.0,1.0,1.0,1
Kansas,Trego,0.9426229508196722,0.05737704918032787,0.0,0.0,0.0,0.0,0.9397260273972603,0.06027397260273973,0.0,0.0,0.0,0.0,1.0,1.0,0
Kansas,Wyandotte,0.7698630136986301,0.22465753424657534,0.005479452054794521,0.0,0.0,0.0,0.7071823204419889,0.2900552486187845,0.0027624309392265192,0.0,0.0,0.0,1.0,0.0,1
Kentucky,Jefferson,0.592896174863388,0.366120218579235,0.03825136612021858,0.00273224043715847,0.0,0.0,0.6465753424657534,0.3424657534246575,0.010958904109589041,0.0,0.0,0.0,0.0,0.0,0
Kentucky,Morgan,0.9068493150684932,0.08767123287671233,0.005479452054794521,0.0,0.0,0.0,0.9408450704225352,0.059154929577464786,0.0,0.0,0.0,0.0,1.0,1.0,1
Kentucky,Washington,0.9080779944289693,0.09192200557103064,0.0,0.0,0.0,0.0,0.9171270718232044,0.08011049723756906,0.0027624309392265192,0.0,0.0,0.0,1.0,1.0,1
Louisiana,Ascension,0.9232876712328767,0.06575342465753424,0.010958904109589041,0.0,0.0,0.0,0.9201101928374655,0.0743801652892562,0.005509641873278237,0.0,0.0,0.0,1.0,1.0,0
Louisiana,Bossier,0.7950819672131147,0.20491803278688525,0.0,0.0,0.0,0.0,0.8269230769230769,0.17307692307692307,0.0,0.0,0.0,0.0,1.0,1.0,1
Louisiana,Caddo,0.8531073446327684,0.14689265536723164,0.0,0.0,0.0,0.0,0.8404558404558404,0.15954415954415954,0.0,0.0,0.0,0.0,1.0,1.0,0
Louisiana,Calcasieu,0.6530054644808743,0.3442622950819672,0.00273224043715847,0.0,0.0,0.0,0.6684931506849315,0.3232876712328767,0.00821917808219178,0.0,0.0,0.0,0.0,0.0,0
Louisiana,East Baton Rouge,0.5683060109289617,0.4180327868852459,0.01366120218579235,0.0,0.0,0.0,0.6904109589041096,0.29315068493150687,0.01643835616438356,0.0,0.0,0.0,0.0,0.0,0
Louisiana,Iberville,0.855191256830601,0.13934426229508196,0.00546448087431694,0.0,0.0,0.0,0.8328767123287671,0.1643835616438356,0.0027397260273972603,0.0,0.0,0.0,1.0,1.0,0
Louisiana,Jefferson,0.8661202185792349,0.13114754098360656,0.00273224043715847,0.0,0.0,0.0,0.8410958904109589,0.15342465753424658,0.005479452054794521,0.0,0.0,0.0,1.0,1.0,0
Louisiana,Lafayette,0.7978142076502732,0.20218579234972678,0.0,0.0,0.0,0.0,0.736986301369863,0.2602739726027397,0.0027397260273972603,0.0,0.0,0.0,1.0,1.0,1
Louisiana,Lafourche,0.9098360655737705,0.09016393442622951,0.0,0.0,0.0,0.0,0.8931506849315068,0.10684931506849316,0.0,0.0,0.0,0.0,1.0,1.0,1
Louisiana,Livingston,0.7493036211699164,0.24512534818941503,0.005571030640668524,0.0,0.0,0.0,0.7917808219178082,0.2,0.00821917808219178,0.0,0.0,0.0,0.0,0.0,1
Louisiana,Orleans,0.855191256830601,0.1448087431693989,0.0,0.0,0.0,0.0,0.8465753424657534,0.15342465753424658,0.0,0.0,0.0,0.0,0.0,0.0,1
Louisiana,Pointe Coupee,0.947945205479452,0.052054794520547946,0.0,0.0,0.0,0.0,0.9449035812672176,0.049586776859504134,0.005509641873278237,0.0,0.0,0.0,1.0,1.0,1
Louisiana,St. Bernard,0.7185792349726776,0.2568306010928962,0.02459016393442623,0.0,0.0,0.0,0.8273972602739726,0.1726027397260274,0.0,0.0,0.0,0.0,1.0,1.0,0
Louisiana,St. James,0.9480874316939891,0.05191256830601093,0.0,0.0,0.0,0.0,0.9561643835616438,0.043835616438356165,0.0,0.0,0.0,0.0,1.0,1.0,1
Louisiana,St. John the Baptist,0.9506849315068493,0.04657534246575343,0.0027397260273972603,0.0,0.0,0.0,0.930939226519337,0.06906077348066299,0.0,0.0,0.0,0.0,1.0,1.0,0
Louisiana,St. Martin,0.8975069252077562,0.10249307479224377,0.0,0.0,0.0,0.0,0.9164265129682997,0.08069164265129683,0.002881844380403458,0.0,0.0,0.0,1.0,1.0,1
Louisiana,St. Tammany,0.9090909090909091,0.0881542699724518,0.0027548209366391185,0.0,0.0,0.0,0.8598901098901099,0.13736263736263737,0.0027472527472527475,0.0,0.0,0.0,1.0,1.0,0
Louisiana,West Baton Rouge,0.8060109289617486,0.1885245901639344,0.00546448087431694,0.0,0.0,0.0,0.8,0.1917808219178082,0.00821917808219178,0.0,0.0,0.0,1.0,0.0,0
Maine,Androscoggin,0.9301675977653632,0.06983240223463687,0.0,0.0,0.0,0.0,0.8245125348189415,0.17548746518105848,0.0,0.0,0.0,0.0,0.0,0.0,1
Maine,Aroostook,0.8852459016393442,0.11202185792349727,0.0,0.00273224043715847,0.0,0.0,0.8575342465753425,0.13972602739726028,0.0027397260273972603,0.0,0.0,0.0,1.0,1.0,0
Maine,Cumberland,0.912568306010929,0.08743169398907104,0.0,0.0,0.0,0.0,0.8821917808219178,0.11232876712328767,0.005479452054794521,0.0,0.0,0.0,1.0,1.0,1
Maine,Hancock,0.9344262295081968,0.060109289617486336,0.00546448087431694,0.0,0.0,0.0,0.9068493150684932,0.07671232876712329,0.0136986301369863,0.0027397260273972603,0.0,0.0,1.0,1.0,0
Maine,Oxford,0.8622589531680441,0.13774104683195593,0.0,0.0,0.0,0.0,0.8518518518518519,0.14814814814814814,0.0,0.0,0.0,0.0,0.0,1.0,1
Maine,Penobscot,0.8743169398907104,0.12568306010928962,0.0,0.0,0.0,0.0,0.9511494252873564,0.04885057471264368,0.0,0.0,0.0,0.0,1.0,1.0,1
Maine,Washington,0.9836065573770492,0.01639344262295082,0.0,0.0,0.0,0.0,0.9696132596685083,0.024861878453038673,0.0055248618784530384,0.0,0.0,0.0,1.0,1.0,0
Maryland,Baltimore,0.644808743169399,0.29508196721311475,0.04644808743169399,0.01092896174863388,0.00273224043715847,0.0,0.7945205479452054,0.1726027397260274,0.030136986301369864,0.0027397260273972603,0.0,0.0,1.0,1.0,0
Maryland,Baltimore (City),0.6693989071038251,0.31420765027322406,0.01366120218579235,0.00273224043715847,0.0,0.0,0.7698630136986301,0.2219178082191781,0.00821917808219178,0.0,0.0,0.0,1.0,1.0,0
Maryland,Cecil,0.7409470752089137,0.23119777158774374,0.025069637883008356,0.002785515320334262,0.0,0.0,0.7611111111111111,0.21666666666666667,0.019444444444444445,0.002777777777777778,0.0,0.0,1.0,1.0,0
Maryland,Dorchester,0.8278688524590164,0.16393442622950818,0.00819672131147541,0.0,0.0,0.0,0.8027397260273973,0.19726027397260273,0.0,0.0,0.0,0.0,1.0,1.0,0
Maryland,Garrett,0.8846153846153846,0.11538461538461539,0.0,0.0,0.0,0.0,0.8732782369146006,0.12672176308539945,0.0,0.0,0.0,0.0,1.0,1.0,1
Maryland,Harford,0.7158774373259053,0.25069637883008355,0.03064066852367688,0.002785515320334262,0.0,0.0,0.7597765363128491,0.21508379888268156,0.019553072625698324,0.00558659217877095,0.0,0.0,1.0,1.0,0
Maryland,Howard,0.7698630136986301,0.23013698630136986,0.0,0.0,0.0,0.0,0.8547945205479452,0.14520547945205478,0.0,0.0,0.0,0.0,0.0,0.0,1
Maryland,Kent,0.8011204481792717,0.1876750700280112,0.011204481792717087,0.0,0.0,0.0,0.7793296089385475,0.2122905027932961,0.008379888268156424,0.0,0.0,0.0,1.0,0.0,0
Maryland,Prince George's,0.6857923497267759,0.2896174863387978,0.02459016393442623,0.0,0.0,0.0,0.7589041095890411,0.22465753424657534,0.01643835616438356,0.0,0.0,0.0,1.0,1.0,0
Maryland,Washington,0.7549857549857549,0.2336182336182336,0.011396011396011397,0.0,0.0,0.0,0.7703081232492998,0.226890756302521,0.0028011204481792717,0.0,0.0,0.0,0.0,1.0,1
Massachusetts,Barnstable,0.930939226519337,0.06629834254143646,0.0027624309392265192,0.0,0.0,0.0,0.9273743016759777,0.05865921787709497,0.013966480446927373,0.0,0.0,0.0,1.0,1.0,0
Massachusetts,Bristol,0.9098360655737705,0.07923497267759563,0.01092896174863388,0.0,0.0,0.0,0.8191780821917808,0.1643835616438356,0.0136986301369863,0.0027397260273972603,0.0,0.0,1.0,1.0,0
Massachusetts,Dukes,0.96045197740113,0.03389830508474576,0.005649717514124294,0.0,0.0,0.0,0.9498607242339833,0.03899721448467967,0.005571030640668524,0.005571030640668524,0.0,0.0,1.0,1.0,0
Massachusetts,Essex,0.8770491803278688,0.11475409836065574,0.00819672131147541,0.0,0.0,0.0,0.8794520547945206,0.11232876712328767,0.00821917808219178,0.0,0.0,0.0,1.0,1.0,0
Massachusetts,Franklin,0.8934426229508197,0.09836065573770492,0.00819672131147541,0.0,0.0,0.0,0.9095890410958904,0.09041095890410959,0.0,0.0,0.0,0.0,1.0,1.0,1
Massachusetts,Hampden,0.8278688524590164,0.1557377049180328,0.01366120218579235,0.00273224043715847,0.0,0.0,0.8383561643835616,0.1506849315068493,0.010958904109589041,0.0,0.0,0.0,1.0,1.0,0
Massachusetts,Hampshire,0.8941504178272981,0.0947075208913649,0.008356545961002786,0.002785515320334262,0.0,0.0,0.9123287671232877,0.07945205479452055,0.00821917808219178,0.0,0.0,0.0,1.0,1.0,0
Massachusetts,Middlesex,0.9419889502762431,0.058011049723756904,0.0,0.0,0.0,0.0,0.9578651685393258,0.03932584269662921,0.0028089887640449437,0.0,0.0,0.0,1.0,1.0,1
Massachusetts,Norfolk,0.9041095890410958,0.08767123287671233,0.00821917808219178,0.0,0.0,0.0,0.9258241758241759,0.06318681318681318,0.01098901098901099,0.0,0.0,0.0,1.0,1.0,0
Massachusetts,Plymouth,0.9043715846994536,0.09289617486338798,0.00273224043715847,0.0,0.0,0.0,0.8931506849315068,0.0958904109589041,0.010958904109589041,0.0,0.0,0.0,1.0,1.0,0
Massachusetts,Suffolk,0.6967213114754098,0.30327868852459017,0.0,0.0,0.0,0.0,0.5232876712328767,0.4684931506849315,0.00821917808219178,0.0,0.0,0.0,0.0,0.0,0
Massachusetts,Worcester,0.8497267759562842,0.13934426229508196,0.01092896174863388,0.0,0.0,0.0,0.8904109589041096,0.10136986301369863,0.00821917808219178,0.0,0.0,0.0,1.0,1.0,0
Michigan,Bay,0.9014084507042254,0.09859154929577464,0.0,0.0,0.0,0.0,0.9337016574585635,0.06629834254143646,0.0,0.0,0.0,0.0,0.0,0.0,1
Michigan,Genesee,0.8076923076923077,0.16758241758241757,0.024725274725274724,0.0,0.0,0.0,0.8383561643835616,0.16164383561643836,0.0,0.0,0.0,0.0,0.0,1.0,0
Michigan,Kalamazoo,0.7878787878787878,0.19008264462809918,0.02203856749311295,0.0,0.0,0.0,0.7890410958904109,0.20821917808219179,0.0027397260273972603,0.0,0.0,0.0,0.0,1.0,0
Michigan,Kent,0.7595628415300546,0.2185792349726776,0.02185792349726776,0.0,0.0,0.0,0.7890410958904109,0.21095890410958903,0.0,0.0,0.0,0.0,1.0,1.0,0
Michigan,Lenawee,0.7922437673130194,0.20221606648199447,0.00554016620498615,0.0,0.0,0.0,0.8296703296703297,0.16758241758241757,0.0027472527472527475,0.0,0.0,0.0,0.0,1.0,0
Michigan,Missaukee,0.8986301369863013,0.08493150684931507,0.01643835616438356,0.0,0.0,0.0,0.9285714285714286,0.06868131868131869,0.0027472527472527475,0.0,0.0,0.0,1.0,1.0,1
Michigan,Monroe,0.953551912568306,0.04644808743169399,0.0,0.0,0.0,0.0,0.9551820728291317,0.04481792717086835,0.0,0.0,0.0,0.0,0.0,0.0,1
Michigan,Ottawa,0.9043715846994536,0.07650273224043716,0.01912568306010929,0.0,0.0,0.0,0.8904109589041096,0.1095890410958904,0.0,0.0,0.0,0.0,0.0,1.0,0
Michigan,Schoolcraft,0.9142857142857143,0.06,0.025714285714285714,0.0,0.0,0.0,0.9692737430167597,0.027932960893854747,0.002793296089385475,0.0,0.0,0.0,1.0,1.0,0
Michigan,St. Clair,0.7637362637362637,0.22527472527472528,0.01098901098901099,0.0,0.0,0.0,0.7479452054794521,0.2410958904109589,0.010958904109589041,0.0,0.0,0.0,0.0,1.0,0
Michigan,Washtenaw,0.8005464480874317,0.1830601092896175,0.01639344262295082,0.0,0.0,0.0,0.7780821917808219,0.2136986301369863,0.00821917808219178,0.0,0.0,0.0,1.0,1.0,0
Michigan,Wayne,0.4344262295081967,0.5081967213114754,0.05737704918032787,0.0,0.0,0.0,0.4520547945205479,0.5123287671232877,0.03287671232876712,0.0027397260273972603,0.0,0.0,0.0,0.0,0
Minnesota,Anoka,0.8961748633879781,0.10109289617486339,0.00273224043715847,0.0,0.0,0.0,0.7972602739726027,0.20273972602739726,0.0,0.0,0.0,0.0,1.0,1.0,0
Minnesota,Becker,0.9335180055401662,0.0664819944598338,0.0,0.0,0.0,0.0,0.9368131868131868,0.06318681318681318,0.0,0.0,0.0,0.0,1.0,1.0,1
Minnesota,Carlton,0.9478021978021978,0.04945054945054945,0.0027472527472527475,0.0,0.0,0.0,0.947945205479452,0.052054794520547946,0.0,0.0,0.0,0.0,1.0,1.0,1
Minnesota,Cook,0.9943820224719101,0.0056179775280898875,0.0,0.0,0.0,0.0,0.98005698005698,0.019943019943019943,0.0,0.0,0.0,0.0,0.0,0.0,1
Minnesota,Crow Wing,0.9355742296918768,0.06442577030812324,0.0,0.0,0.0,0.0,0.9285714285714286,0.07142857142857142,0.0,0.0,0.0,0.0,0.0,1.0,1
Minnesota,Dakota,0.907103825136612,0.08743169398907104,0.00546448087431694,0.0,0.0,0.0,0.8986301369863013,0.10136986301369863,0.0,0.0,0.0,0.0,0.0,0.0,1
Minnesota,Hennepin,0.6475409836065574,0.3469945355191257,0.00546448087431694,0.0,0.0,0.0,0.5726027397260274,0.4246575342465753,0.0027397260273972603,0.0,0.0,0.0,0.0,0.0,0
Minnesota,Lake,0.9562841530054644,0.04371584699453552,0.0,0.0,0.0,0.0,0.9260273972602739,0.07397260273972603,0.0,0.0,0.0,0.0,1.0,1.0,1
Minnesota,Lyon,0.9438202247191011,0.05337078651685393,0.0028089887640449437,0.0,0.0,0.0,0.9138888888888889,0.08611111111111111,0.0,0.0,0.0,0.0,1.0,1.0,1
Minnesota,Olmsted,0.8989071038251366,0.09836065573770492,0.00273224043715847,0.0,0.0,0.0,0.8547945205479452,0.14520547945205478,0.0,0.0,0.0,0.0,1.0,1.0,1
Minnesota,Ramsey,0.8688524590163934,0.12568306010928962,0.00273224043715847,0.00273224043715847,0.0,0.0,0.852054794520548,0.14794520547945206,0.0,0.0,0.0,0.0,0.0,0.0,1
Minnesota,Saint Louis,0.9398907103825137,0.05737704918032787,0.00273224043715847,0.0,0.0,0.0,0.915068493150685,0.08493150684931507,0.0,0.0,0.0,0.0,1.0,1.0,1
Minnesota,Stearns,0.9234972677595629,0.07650273224043716,0.0,0.0,0.0,0.0,0.9013698630136986,0.09863013698630137,0.0,0.0,0.0,0.0,1.0,1.0,0
Minnesota,Washington,0.8469945355191257,0.15300546448087432,0.0,0.0,0.0,0.0,0.726027397260274,0.273972602739726,0.0,0.0,0.0,0.0,1.0,0.0,1
Minnesota,Wright,0.9113573407202216,0.08310249307479224,0.00554016620498615,0.0,0.0,0.0,0.873972602739726,0.12602739726027398,0.0,0.0,0.0,0.0,0.0,1.0,0
Mississippi,Harrison,0.8774373259052924,0.12256267409470752,0.0,0.0,0.0,0.0,0.8559556786703602,0.14127423822714683,0.002770083102493075,0.0,0.0,0.0,1.0,0.0,0
Mississippi,Hinds,0.6857923497267759,0.31420765027322406,0.0,0.0,0.0,0.0,0.7013698630136986,0.29863013698630136,0.0,0.0,0.0,0.0,0.0,0.0,1
Mississippi,Jackson,0.8980716253443526,0.10192837465564739,0.0,0.0,0.0,0.0,0.8770949720670391,0.12011173184357542,0.002793296089385475,0.0,0.0,0.0,1.0,1.0,0
Mississippi,Yalobusha,0.9805555555555555,0.019444444444444445,0.0,0.0,0.0,0.0,0.9943342776203966,0.0056657223796034,0.0,0.0,0.0,0.0,1.0,1.0,1
Missouri,Buchanan,0.8457300275482094,0.15426997245179064,0.0,0.0,0.0,0.0,0.7534246575342466,0.24383561643835616,0.0027397260273972603,0.0,0.0,0.0,0.0,0.0,1
Missouri,Cass,0.9065934065934066,0.09340659340659341,0.0,0.0,0.0,0.0,0.8523676880222841,0.14206128133704735,0.005571030640668524,0.0,0.0,0.0,1.0,1.0,1
Missouri,Cedar,0.9011299435028248,0.09887005649717515,0.0,0.0,0.0,0.0,0.8677685950413223,0.1322314049586777,0.0,0.0,0.0,0.0,1.0,1.0,1
Missouri,Clay,0.8448753462603878,0.14681440443213298,0.008310249307479225,0.0,0.0,0.0,0.7747252747252747,0.21428571428571427,0.01098901098901099,0.0,0.0,0.0,1.0,1.0,0
Missouri,Greene,0.855191256830601,0.1448087431693989,0.0,0.0,0.0,0.0,0.8438356164383561,0.15616438356164383,0.0,0.0,0.0,0.0,1.0,1.0,1
Missouri,Iron,0.9808743169398907,0.01912568306010929,0.0,0.0,0.0,0.0,0.8818681318681318,0.11263736263736264,0.005494505494505495,0.0,0.0,0.0,0.0,0.0,1
Missouri,Jackson,0.7950819672131147,0.20218579234972678,0.00273224043715847,0.0,0.0,0.0,0.7123287671232876,0.2876712328767123,0.0,0.0,0.0,0.0,0.0,0.0,1
Missouri,Jasper,0.8836565096952909,0.11357340720221606,0.002770083102493075,0.0,0.0,0.0,0.8904109589041096,0.1095890410958904,0.0,0.0,0.0,0.0,1.0,1.0,1
Missouri,Jefferson,0.76775956284153,0.226775956284153,0.00546448087431694,0.0,0.0,0.0,0.7780821917808219,0.2191780821917808,0.0027397260273972603,0.0,0.0,0.0,0.0,0.0,0
Missouri,Monroe,0.9644808743169399,0.03551912568306011,0.0,0.0,0.0,0.0,0.9424657534246575,0.057534246575342465,0.0,0.0,0.0,0.0,1.0,1.0,0
Missouri,Saint Charles,0.8351648351648352,0.13186813186813187,0.03021978021978022,0.0027472527472527475,0.0,0.0,0.8356164383561644,0.15342465753424658,0.00821917808219178,0.0027397260273972603,0.0,0.0,1.0,1.0,0
Missouri,Saint Louis,0.7377049180327869,0.24316939890710382,0.01912568306010929,0.0,0.0,0.0,0.6794520547945205,0.3178082191780822,0.0027397260273972603,0.0,0.0,0.0,1.0,1.0,0
Missouri,St. Louis City,0.644808743169399,0.3469945355191257,0.00546448087431694,0.00273224043715847,0.0,0.0,0.6191780821917808,0.37534246575342467,0.005479452054794521,0.0,0.0,0.0,0.0,1.0,0
Montana,Fergus,0.9726775956284153,0.0273224043715847,0.0,0.0,0.0,0.0,0.852054794520548,0.12876712328767123,0.0136986301369863,0.005479452054794521,0.0,0.0,1.0,1.0,1
Montana,Flathead,0.8907103825136612,0.1092896174863388,0.0,0.0,0.0,0.0,0.7671232876712328,0.20273972602739726,0.0136986301369863,0.00821917808219178,0.00821917808219178,0.0,1.0,1.0,1
Montana,Gallatin,0.8661202185792349,0.10382513661202186,0.01912568306010929,0.00819672131147541,0.0,0.00273224043715847,0.7890410958904109,0.20273972602739726,0.005479452054794521,0.0027397260273972603,0.0,0.0,0.0,0.0,0
Montana,Lewis and Clark,0.8633879781420765,0.11748633879781421,0.01912568306010929,0.0,0.0,0.0,0.6493150684931507,0.27123287671232876,0.04657534246575343,0.03287671232876712,0.0,0.0,1.0,1.0,0
Montana,Lincoln,0.7240437158469946,0.27595628415300544,0.0,0.0,0.0,0.0,0.5977961432506887,0.36639118457300274,0.01652892561983471,0.01652892561983471,0.0027548209366391185,0.0,0.0,0.0,0
Montana,Phillips,0.9644808743169399,0.03551912568306011,0.0,0.0,0.0,0.0,0.9138888888888889,0.07777777777777778,0.008333333333333333,0.0,0.0,0.0,1.0,1.0,1
Montana,Powder River,0.8797814207650273,0.12021857923497267,0.0,0.0,0.0,0.0,0.7541899441340782,0.2206703910614525,0.0111731843575419,0.013966480446927373,0.0,0.0,1.0,1.0,0
Montana,Richland,0.9508196721311475,0.04918032786885246,0.0,0.0,0.0,0.0,0.8547486033519553,0.13687150837988826,0.00558659217877095,0.002793296089385475,0.0,0.0,1.0,1.0,1
Montana,Rosebud,0.8825136612021858,0.11202185792349727,0.00546448087431694,0.0,0.0,0.0,0.8246575342465754,0.14794520547945206,0.010958904109589041,0.01643835616438356,0.0,0.0,1.0,1.0,1
Montana,Silver Bow,0.8469945355191257,0.15300546448087432,0.0,0.0,0.0,0.0,0.6497175141242938,0.2824858757062147,0.05649717514124294,0.011299435028248588,0.0,0.0,0.0,0.0,1
Montana,Yellowstone,0.9559228650137741,0.04132231404958678,0.0027548209366391185,0.0,0.0,0.0,0.8547945205479452,0.13150684931506848,0.0136986301369863,0.0,0.0,0.0,0.0,0.0,1
Nebraska,Cass,0.9147727272727273,0.08522727272727272,0.0,0.0,0.0,0.0,0.9178082191780822,0.0821917808219178,0.0,0.0,0.0,0.0,0.0,0.0,1
Nebraska,Douglas,0.7622950819672131,0.226775956284153,0.01092896174863388,0.0,0.0,0.0,0.6712328767123288,0.3232876712328767,0.005479452054794521,0.0,0.0,0.0,1.0,0.0,0
Nevada,Carson City,0.8278688524590164,0.1721311475409836,0.0,0.0,0.0,0.0,0.7616438356164383,0.2328767123287671,0.0027397260273972603,0.0027397260273972603,0.0,0.0,1.0,1.0,1
Nevada,Clark,0.34153005464480873,0.587431693989071,0.06830601092896176,0.0,0.00273224043715847,0.0,0.3726027397260274,0.547945205479452,0.07671232876712329,0.0027397260273972603,0.0,0.0,1.0,1.0,0
Nevada,Lyon,0.8011363636363636,0.19602272727272727,0.002840909090909091,0.0,0.0,0.0,0.8457300275482094,0.14600550964187328,0.008264462809917356,0.0,0.0,0.0,1.0,1.0,1
Nevada,Nye,0.953551912568306,0.040983606557377046,0.00273224043715847,0.0,0.0,0.00273224043715847,0.947945205479452,0.0410958904109589,0.00821917808219178,0.0027397260273972603,0.0,0.0,0.0,0.0,1
Nevada,Washoe,0.639344262295082,0.34153005464480873,0.01912568306010929,0.0,0.0,0.0,0.5534246575342465,0.43561643835616437,0.010958904109589041,0.0,0.0,0.0,1.0,1.0,0
Nevada,White Pine,0.8310249307479224,0.16897506925207756,0.0,0.0,0.0,0.0,0.8146067415730337,0.1853932584269663,0.0,0.0,0.0,0.0,1.0,1.0,0
New Hampshire,Cheshire,0.8661202185792349,0.13114754098360656,0.00273224043715847,0.0,0.0,0.0,0.8873626373626373,0.11263736263736264,0.0,0.0,0.0,0.0,1.0,1.0,1
New Hampshire,Grafton,0.9480874316939891,0.05191256830601093,0.0,0.0,0.0,0.0,0.9287671232876712,0.07123287671232877,0.0,0.0,0.0,0.0,1.0,1.0,1
New Hampshire,Hillsborough,0.9098360655737705,0.08196721311475409,0.00819672131147541,0.0,0.0,0.0,0.936986301369863,0.06027397260273973,0.0027397260273972603,0.0,0.0,0.0,1.0,1.0,1
New Hampshire,Merrimack,0.9617486338797814,0.03825136612021858,0.0,0.0,0.0,0.0,0.9671232876712329,0.03287671232876712,0.0,0.0,0.0,0.0,1.0,1.0,1
New Hampshire,Rockingham,0.8743169398907104,0.12021857923497267,0.00546448087431694,0.0,0.0,0.0,0.9123287671232877,0.0821917808219178,0.005479452054794521,0.0,0.0,0.0,1.0,1.0,0
New Jersey,Atlantic,0.8633879781420765,0.13387978142076504,0.00273224043715847,0.0,0.0,0.0,0.8410958904109589,0.1589041095890411,0.0,0.0,0.0,0.0,1.0,1.0,0
New Jersey,Bergen,0.6857923497267759,0.28688524590163933,0.02459016393442623,0.00273224043715847,0.0,0.0,0.7095890410958904,0.27123287671232876,0.019178082191780823,0.0,0.0,0.0,1.0,1.0,0
New Jersey,Camden,0.6038251366120219,0.366120218579235,0.030054644808743168,0.0,0.0,0.0,0.6328767123287671,0.3287671232876712,0.038356164383561646,0.0,0.0,0.0,1.0,0.0,0
New Jersey,Cumberland,0.8224043715846995,0.17486338797814208,0.00273224043715847,0.0,0.0,0.0,0.8681318681318682,0.13186813186813187,0.0,0.0,0.0,0.0,1.0,1.0,1
New Jersey,Essex,0.7486338797814208,0.24316939890710382,0.00819672131147541,0.0,0.0,0.0,0.7863013698630137,0.21095890410958903,0.0027397260273972603,0.0,0.0,0.0,1.0,0.0,0
New Jersey,Hudson,0.7103825136612022,0.28415300546448086,0.00546448087431694,0.0,0.0,0.0,0.6986301369863014,0.29315068493150687,0.00821917808219178,0.0,0.0,0.0,0.0,0.0,0
New Jersey,Mercer,0.6994535519125683,0.2650273224043716,0.03278688524590164,0.00273224043715847,0.0,0.0,0.7643835616438356,0.22465753424657534,0.010958904109589041,0.0,0.0,0.0,1.0,1.0,0
New Jersey,Middlesex,0.7459016393442623,0.22131147540983606,0.030054644808743168,0.00273224043715847,0.0,0.0,0.7890410958904109,0.19452054794520549,0.01643835616438356,0.0,0.0,0.0,1.0,1.0,0
New Jersey,Morris,0.8846153846153846,0.10714285714285714,0.005494505494505495,0.0027472527472527475,0.0,0.0,0.8980716253443526,0.09366391184573003,0.008264462809917356,0.0,0.0,0.0,1.0,1.0,0
New Jersey,Ocean,0.8232044198895028,0.16022099447513813,0.013812154696132596,0.0027624309392265192,0.0,0.0,0.8662952646239555,0.12256267409470752,0.011142061281337047,0.0,0.0,0.0,1.0,1.0,0
New Jersey,Union,0.6639344262295082,0.3360655737704918,0.0,0.0,0.0,0.0,0.6493150684931507,0.34794520547945207,0.0027397260273972603,0.0,0.0,0.0,0.0,0.0,1
New Mexico,Bernalillo,0.5273224043715847,0.4644808743169399,0.00819672131147541,0.0,0.0,0.0,0.4657534246575342,0.5232876712328767,0.010958904109589041,0.0,0.0,0.0,1.0,1.0,0
New Mexico,Eddy,0.8066298342541437,0.19337016574585636,0.0,0.0,0.0,0.0,0.6712328767123288,0.3013698630136986,0.0273972602739726,0.0,0.0,0.0,1.0,1.0,0
New Mexico,Lea,0.8571428571428571,0.14285714285714285,0.0,0.0,0.0,0.0,0.6657534246575343,0.3232876712328767,0.010958904109589041,0.0,0.0,0.0,1.0,1.0,0
New Mexico,Luna,0.9388888888888889,0.05277777777777778,0.002777777777777778,0.005555555555555556,0.0,0.0,0.9444444444444444,0.041666666666666664,0.013888888888888888,0.0,0.0,0.0,0.0,0.0,0
New Mexico,Rio Arriba,0.8397790055248618,0.16022099447513813,0.0,0.0,0.0,0.0,0.7472222222222222,0.24444444444444444,0.008333333333333333,0.0,0.0,0.0,1.0,1.0,0
New Mexico,San Juan,0.7459016393442623,0.24863387978142076,0.00546448087431694,0.0,0.0,0.0,0.6301369863013698,0.35342465753424657,0.01643835616438356,0.0,0.0,0.0,1.0,1.0,0
New Mexico,Sandoval,0.8088642659279779,0.19113573407202217,0.0,0.0,0.0,0.0,0.739010989010989,0.25824175824175827,0.0027472527472527475,0.0,0.0,0.0,1.0,1.0,0
New Mexico,Santa Fe,0.8224043715846995,0.17759562841530055,0.0,0.0,0.0,0.0,0.7808219178082192,0.2191780821917808,0.0,0.0,0.0,0.0,1.0,1.0,0
New Mexico,Taos,0.994475138121547,0.0055248618784530384,0.0,0.0,0.0,0.0,0.9772727272727273,0.022727272727272728,0.0,0.0,0.0,0.0,0.0,0.0,1
New Mexico,Valencia,0.7734806629834254,0.2265193370165746,0.0,0.0,0.0,0.0,0.7257617728531855,0.27146814404432135,0.002770083102493075,0.0,0.0,0.0,1.0,1.0,0
New York,Albany,0.855191256830601,0.13934426229508196,0.00546448087431694,0.0,0.0,0.0,0.8493150684931506,0.1506849315068493,0.0,0.0,0.0,0.0,1.0,1.0,0
New York,Bronx,0.76775956284153,0.22131147540983606,0.01092896174863388,0.0,0.0,0.0,0.7972602739726027,0.19726027397260273,0.005479452054794521,0.0,0.0,0.0,1.0,1.0,0
New York,Chautauqua,0.8852459016393442,0.10655737704918032,0.00819672131147541,0.0,0.0,0.0,0.9014084507042254,0.09295774647887324,0.005633802816901409,0.0,0.0,0.0,1.0,1.0,0
New York,Dutchess,0.919889502762431,0.06629834254143646,0.013812154696132596,0.0,0.0,0.0,0.953168044077135,0.0440771349862259,0.0027548209366391185,0.0,0.0,0.0,1.0,1.0,0
New York,Erie,0.76775956284153,0.21584699453551912,0.01639344262295082,0.0,0.0,0.0,0.7972602739726027,0.2,0.0027397260273972603,0.0,0.0,0.0,1.0,1.0,0
New York,Essex,0.9098360655737705,0.08469945355191257,0.00546448087431694,0.0,0.0,0.0,0.8547945205479452,0.14520547945205478,0.0,0.0,0.0,0.0,1.0,1.0,0
New York,Franklin,0.9972677595628415,0.00273224043715847,0.0,0.0,0.0,0.0,0.9780821917808219,0.021917808219178082,0.0,0.0,0.0,0.0,1.0,1.0,1
New York,Monroe,0.855191256830601,0.13934426229508196,0.00546448087431694,0.0,0.0,0.0,0.8575342465753425,0.13424657534246576,0.00821917808219178,0.0,0.0,0.0,1.0,1.0,0
New York,Nassau,0.9207650273224044,0.07923497267759563,0.0,0.0,0.0,0.0,0.9424657534246575,0.057534246575342465,0.0,0.0,0.0,0.0,0.0,0.0,1
New York,New York,0.674863387978142,0.31420765027322406,0.01092896174863388,0.0,0.0,0.0,0.726027397260274,0.2684931506849315,0.005479452054794521,0.0,0.0,0.0,0.0,0.0,0
New York,Onondaga,0.9262295081967213,0.06830601092896176,0.00546448087431694,0.0,0.0,0.0,0.9315068493150684,0.0684931506849315,0.0,0.0,0.0,0.0,1.0,1.0,0
New York,Orange,0.8989071038251366,0.09836065573770492,0.00273224043715847,0.0,0.0,0.0,0.915068493150685,0.08493150684931507,0.0,0.0,0.0,0.0,1.0,1.0,0
New York,Putnam,0.8919667590027701,0.09418282548476455,0.0110803324099723,0.002770083102493075,0.0,0.0,0.9416666666666667,0.05,0.008333333333333333,0.0,0.0,0.0,1.0,1.0,0
New York,Queens,0.7814207650273224,0.20218579234972678,0.01639344262295082,0.0,0.0,0.0,0.7890410958904109,0.19452054794520549,0.0136986301369863,0.0027397260273972603,0.0,0.0,1.0,1.0,0
New York,Richmond,0.7595628415300546,0.21311475409836064,0.02459016393442623,0.00273224043715847,0.0,0.0,0.821917808219178,0.1589041095890411,0.019178082191780823,0.0,0.0,0.0,1.0,1.0,0
New York,Rockland,0.8347107438016529,0.15426997245179064,0.011019283746556474,0.0,0.0,0.0,0.9315068493150684,0.06575342465753424,0.0027397260273972603,0.0,0.0,0.0,1.0,1.0,0
New York,Saratoga,0.9371428571428572,0.054285714285714284,0.008571428571428572,0.0,0.0,0.0,0.963276836158192,0.03672316384180791,0.0,0.0,0.0,0.0,1.0,1.0,0
New York,Steuben,0.9228650137741047,0.07162534435261708,0.005509641873278237,0.0,0.0,0.0,0.9614325068870524,0.03856749311294766,0.0,0.0,0.0,0.0,1.0,1.0,1
New York,Suffolk,0.8142076502732241,0.16393442622950818,0.02185792349726776,0.0,0.0,0.0,0.8575342465753425,0.1178082191780822,0.019178082191780823,0.005479452054794521,0.0,0.0,1.0,1.0,0
New York,Tompkins,0.9168975069252078,0.07756232686980609,0.00554016620498615,0.0,0.0,0.0,0.958904109589041,0.0410958904109589,0.0,0.0,0.0,0.0,1.0,1.0,0
New York,Westchester,0.819672131147541,0.16393442622950818,0.01639344262295082,0.0,0.0,0.0,0.9008264462809917,0.08539944903581267,0.013774104683195593,0.0,0.0,0.0,1.0,1.0,0
North Carolina,Avery,0.88268156424581,0.10614525139664804,0.0111731843575419,0.0,0.0,0.0,0.9222222222222223,0.07777777777777778,0.0,0.0,0.0,0.0,1.0,1.0,1
North Carolina,Buncombe,0.819672131147541,0.15846994535519127,0.01092896174863388,0.01092896174863388,0.0,0.0,0.8904109589041096,0.1095890410958904,0.0,0.0,0.0,0.0,0.0,1.0,1
North Carolina,Catawba,0.770949720670391,0.2206703910614525,0.002793296089385475,0.00558659217877095,0.0,0.0,0.8103448275862069,0.1896551724137931,0.0,0.0,0.0,0.0,0.0,0.0,1
North Carolina,Cumberland,0.7814207650273224,0.2185792349726776,0.0,0.0,0.0,0.0,0.7342465753424657,0.26575342465753427,0.0,0.0,0.0,0.0,0.0,0.0,1
North Carolina,Davidson,0.7707182320441989,0.2292817679558011,0.0,0.0,0.0,0.0,0.8189415041782729,0.181058495821727,0.0,0.0,0.0,0.0,0.0,0.0,1
North Carolina,Durham,0.7431693989071039,0.2540983606557377,0.00273224043715847,0.0,0.0,0.0,0.736986301369863,0.26301369863013696,0.0,0.0,0.0,0.0,0.0,0.0,1
North Carolina,Edgecombe,0.8567415730337079,0.14325842696629212,0.0,0.0,0.0,0.0,0.8812154696132597,0.11878453038674033,0.0,0.0,0.0,0.0,1.0,1.0,1
North Carolina,Forsyth,0.7349726775956285,0.2568306010928962,0.00819672131147541,0.0,0.0,0.0,0.7945205479452054,0.2054794520547945,0.0,0.0,0.0,0.0,1.0,1.0,0
North Carolina,Guilford,0.7431693989071039,0.2459016393442623,0.01092896174863388,0.0,0.0,0.0,0.7890410958904109,0.20821917808219179,0.0027397260273972603,0.0,0.0,0.0,0.0,1.0,0
North Carolina,Lee,0.768595041322314,0.23140495867768596,0.0,0.0,0.0,0.0,0.7666666666666667,0.23333333333333334,0.0,0.0,0.0,0.0,1.0,1.0,1
North Carolina,Mecklenburg,0.6666666666666666,0.31420765027322406,0.01639344262295082,0.00273224043715847,0.0,0.0,0.6246575342465753,0.36712328767123287,0.00821917808219178,0.0,0.0,0.0,1.0,1.0,0
North Carolina,Montgomery,0.8876712328767123,0.11232876712328767,0.0,0.0,0.0,0.0,0.9397260273972603,0.06027397260273973,0.0,0.0,0.0,0.0,1.0,1.0,1
North Carolina,New Hanover,0.9168975069252078,0.08310249307479224,0.0,0.0,0.0,0.0,0.9315068493150684,0.0684931506849315,0.0,0.0,0.0,0.0,1.0,1.0,1
North Carolina,Rowan,0.8694444444444445,0.13055555555555556,0.0,0.0,0.0,0.0,0.9323943661971831,0.0676056338028169,0.0,0.0,0.0,0.0,1.0,1.0,1
North Carolina,Swain,0.7671232876712328,0.2,0.021917808219178082,0.010958904109589041,0.0,0.0,0.8465753424657534,0.15342465753424658,0.0,0.0,0.0,0.0,0.0,1.0,1
North Carolina,Wake,0.6502732240437158,0.34153005464480873,0.00819672131147541,0.0,0.0,0.0,0.6904109589041096,0.3095890410958904,0.0,0.0,0.0,0.0,0.0,0.0,0
North Dakota,Billings,0.9726775956284153,0.0273224043715847,0.0,0.0,0.0,0.0,0.8928571428571429,0.10164835164835165,0.0027472527472527475,0.0027472527472527475,0.0,0.0,1.0,1.0,1
North Dakota,Burke,0.9753424657534246,0.024657534246575342,0.0,0.0,0.0,0.0,0.9118457300275482,0.08539944903581267,0.0027548209366391185,0.0,0.0,0.0,1.0,1.0,0
North Dakota,Cass,0.8852459016393442,0.11475409836065574,0.0,0.0,0.0,0.0,0.8453038674033149,0.15469613259668508,0.0,0.0,0.0,0.0,1.0,1.0,0
North Dakota,McKenzie,0.9808743169398907,0.01912568306010929,0.0,0.0,0.0,0.0,0.9005524861878453,0.09392265193370165,0.0027624309392265192,0.0027624309392265192,0.0,0.0,1.0,1.0,1
North Dakota,Mercer,0.9726775956284153,0.02459016393442623,0.00273224043715847,0.0,0.0,0.0,0.9013698630136986,0.09041095890410959,0.005479452054794521,0.0027397260273972603,0.0,0.0,1.0,1.0,0
North Dakota,Oliver,0.9754098360655737,0.02459016393442623,0.0,0.0,0.0,0.0,0.8867403314917127,0.11049723756906077,0.0,0.0027624309392265192,0.0,0.0,1.0,1.0,0
North Dakota,Williams,0.9453551912568307,0.04918032786885246,0.00546448087431694,0.0,0.0,0.0,0.8547945205479452,0.136986301369863,0.00821917808219178,0.0,0.0,0.0,1.0,1.0,1
Ohio,Adams,0.9781420765027322,0.02185792349726776,0.0,0.0,0.0,0.0,0.9835616438356164,0.01643835616438356,0.0,0.0,0.0,0.0,0.0,0.0,1
Ohio,Allen,0.8633879781420765,0.1284153005464481,0.00819672131147541,0.0,0.0,0.0,0.8657534246575342,0.13150684931506848,0.0027397260273972603,0.0,0.0,0.0,1.0,1.0,0
Ohio,Ashtabula,0.8852459016393442,0.09836065573770492,0.01639344262295082,0.0,0.0,0.0,0.9095890410958904,0.08493150684931507,0.005479452054794521,0.0,0.0,0.0,1.0,1.0,0
Ohio,Belmont,0.9426229508196722,0.05737704918032787,0.0,0.0,0.0,0.0,0.9698630136986301,0.030136986301369864,0.0,0.0,0.0,0.0,0.0,0.0,1
Ohio,Butler,0.7076502732240437,0.26229508196721313,0.030054644808743168,0.0,0.0,0.0,0.7534246575342466,0.2273972602739726,0.019178082191780823,0.0,0.0,0.0,1.0,1.0,0
Ohio,Clark,0.7377049180327869,0.2459016393442623,0.01639344262295082,0.0,0.0,0.0,0.7287671232876712,0.26575342465753427,0.005479452054794521,0.0,0.0,0.0,0.0,1.0,0
Ohio,Clermont,0.6612021857923497,0.3251366120218579,0.01366120218579235,0.0,0.0,0.0,0.7452054794520548,0.2493150684931507,0.005479452054794521,0.0,0.0,0.0,0.0,0.0,0
Ohio,Columbiana,0.9972602739726028,0.0027397260273972603,0.0,0.0,0.0,0.0,1.0,0.0,0.0,0.0,0.0,0.0,0.0,0.0,1
Ohio,Cuyahoga,0.5655737704918032,0.40437158469945356,0.01639344262295082,0.01366120218579235,0.0,0.0,0.6273972602739726,0.3589041095890411,0.0136986301369863,0.0,0.0,0.0,0.0,1.0,0
Ohio,Fayette,0.8781869688385269,0.11898016997167139,0.0028328611898017,0.0,0.0,0.0,0.9131652661064426,0.08403361344537816,0.0028011204481792717,0.0,0.0,0.0,1.0,1.0,1
Ohio,Franklin,0.7486338797814208,0.226775956284153,0.02459016393442623,0.0,0.0,0.0,0.7863013698630137,0.2054794520547945,0.00821917808219178,0.0,0.0,0.0,1.0,1.0,0
Ohio,Greene,0.7786885245901639,0.2185792349726776,0.00273224043715847,0.0,0.0,0.0,0.7884615384615384,0.2087912087912088,0.0027472527472527475,0.0,0.0,0.0,1.0,1.0,0
Ohio,Hamilton,0.5437158469945356,0.42349726775956287,0.03278688524590164,0.0,0.0,0.0,0.5205479452054794,0.4657534246575342,0.0136986301369863,0.0,0.0,0.0,0.0,0.0,0
Ohio,Jefferson,0.5300546448087432,0.45901639344262296,0.01092896174863388,0.0,0.0,0.0,0.5178082191780822,0.4794520547945205,0.0027397260273972603,0.0,0.0,0.0,0.0,0.0,0
Ohio,Lake,0.7513661202185792,0.21311475409836064,0.03551912568306011,0.0,0.0,0.0,0.8191780821917808,0.1643835616438356,0.01643835616438356,0.0,0.0,0.0,0.0,1.0,0
Ohio,Lawrence,0.7868852459016393,0.20491803278688525,0.00819672131147541,0.0,0.0,0.0,0.9068493150684932,0.08767123287671233,0.0027397260273972603,0.0027397260273972603,0.0,0.0,0.0,1.0,0
Ohio,Lorain,0.8657534246575342,0.12876712328767123,0.005479452054794521,0.0,0.0,0.0,0.8849315068493151,0.11232876712328767,0.0027397260273972603,0.0,0.0,0.0,1.0,1.0,0
Ohio,Lucas,0.7868852459016393,0.20218579234972678,0.01092896174863388,0.0,0.0,0.0,0.7726027397260274,0.21643835616438356,0.010958904109589041,0.0,0.0,0.0,1.0,1.0,0
Ohio,Mahoning,0.8497267759562842,0.15027322404371585,0.0,0.0,0.0,0.0,0.8273972602739726,0.1726027397260274,0.0,0.0,0.0,0.0,0.0,0.0,1
Ohio,Medina,0.787292817679558,0.20994475138121546,0.0027624309392265192,0.0,0.0,0.0,0.8021978021978022,0.1978021978021978,0.0,0.0,0.0,0.0,1.0,1.0,1
Ohio,Montgomery,0.7540983606557377,0.22950819672131148,0.01639344262295082,0.0,0.0,0.0,0.7890410958904109,0.20821917808219179,0.0027397260273972603,0.0,0.0,0.0,1.0,1.0,0
Ohio,Morgan,1.0,0.0,0.0,0.0,0.0,0.0,0.9972375690607734,0.0027624309392265192,0.0,0.0,0.0,0.0,0.0,0.0,1
Ohio,Noble,0.882183908045977,0.11206896551724138,0.005747126436781609,0.0,0.0,0.0,0.9152542372881356,0.0847457627118644,0.0,0.0,0.0,0.0,1.0,1.0,1
Ohio,Preble,0.8060109289617486,0.1912568306010929,0.00273224043715847,0.0,0.0,0.0,0.8241758241758241,0.17307692307692307,0.0027472527472527475,0.0,0.0,0.0,1.0,1.0,0
Ohio,Scioto,0.9699453551912568,0.0273224043715847,0.00273224043715847,0.0,0.0,0.0,0.9808219178082191,0.019178082191780823,0.0,0.0,0.0,0.0,0.0,0.0,1
Ohio,Stark,0.7295081967213115,0.2540983606557377,0.01639344262295082,0.0,0.0,0.0,0.684931506849315,0.3095890410958904,0.005479452054794521,0.0,0.0,0.0,0.0,1.0,0
Ohio,Summit,0.7103825136612022,0.28688524590163933,0.00273224043715847,0.0,0.0,0.0,0.7479452054794521,0.25205479452054796,0.0,0.0,0.0,0.0,0.0,0.0,0
Ohio,Trumbull,0.819672131147541,0.16666666666666666,0.01366120218579235,0.0,0.0,0.0,0.7840909090909091,0.21022727272727273,0.005681818181818182,0.0,0.0,0.0,1.0,0.0,0
Ohio,Warren,0.6611111111111111,0.3138888888888889,0.025,0.0,0.0,0.0,0.7067039106145251,0.2905027932960894,0.002793296089385475,0.0,0.0,0.0,0.0,1.0,0
Oklahoma,Adair,0.8633879781420765,0.1366120218579235,0.0,0.0,0.0,0.0,0.8425414364640884,0.1574585635359116,0.0,0.0,0.0,0.0,1.0,1.0,0
Oklahoma,Canadian,0.9301675977653632,0.06983240223463687,0.0,0.0,0.0,0.0,0.8480662983425414,0.14917127071823205,0.0027624309392265192,0.0,0.0,0.0,1.0,1.0,0
Oklahoma,Cleveland,0.8547945205479452,0.14246575342465753,0.0027397260273972603,0.0,0.0,0.0,0.7734806629834254,0.22099447513812154,0.0055248618784530384,0.0,0.0,0.0,1.0,1.0,0
Oklahoma,Comanche,0.8743169398907104,0.12568306010928962,0.0,0.0,0.0,0.0,0.8410958904109589,0.15616438356164383,0.0027397260273972603,0.0,0.0,0.0,1.0,1.0,0
Oklahoma,Dewey,0.8836565096952909,0.11634349030470914,0.0,0.0,0.0,0.0,0.8072625698324022,0.1871508379888268,0.00558659217877095,0.0,0.0,0.0,1.0,1.0,0
Oklahoma,Kay,0.6980609418282548,0.29362880886426596,0.008310249307479225,0.0,0.0,0.0,0.6493150684931507,0.3506849315068493,0.0,0.0,0.0,0.0,0.0,0.0,0
Oklahoma,McClain,0.925414364640884,0.07458563535911603,0.0,0.0,0.0,0.0,0.8491620111731844,0.1452513966480447,0.00558659217877095,0.0,0.0,0.0,1.0,1.0,0
Oklahoma,Muskogee,0.9615384615384616,0.03571428571428571,0.0027472527472527475,0.0,0.0,0.0,0.9554317548746518,0.04456824512534819,0.0,0.0,0.0,0.0,0.0,0.0,0
Oklahoma,Oklahoma,0.7513661202185792,0.2459016393442623,0.00273224043715847,0.0,0.0,0.0,0.6684931506849315,0.3150684931506849,0.01643835616438356,0.0,0.0,0.0,1.0,1.0,0
Oklahoma,Ottawa,0.8087431693989071,0.1912568306010929,0.0,0.0,0.0,0.0,0.6986301369863014,0.3013698630136986,0.0,0.0,0.0,0.0,0.0,0.0,0
Oklahoma,Pittsburg,0.8387978142076503,0.16120218579234974,0.0,0.0,0.0,0.0,0.7871148459383753,0.21288515406162464,0.0,0.0,0.0,0.0,1.0,1.0,0
Oklahoma,Sequoyah,0.9168975069252078,0.08310249307479224,0.0,0.0,0.0,0.0,0.9106145251396648,0.0893854748603352,0.0,0.0,0.0,0.0,1.0,1.0,1
Oklahoma,Tulsa,0.6530054644808743,0.33879781420765026,0.00546448087431694,0.00273224043715847,0.0,0.0,0.5424657534246575,0.4547945205479452,0.0027397260273972603,0.0,0.0,0.0,1.0,0.0,0
Oregon,Lane,0.8169398907103825,0.18032786885245902,0.00273224043715847,0.0,0.0,0.0,0.6520547945205479,0.26575342465753427,0.043835616438356165,0.030136986301369864,0.005479452054794521,0.0027397260273972603,0.0,0.0,0
Oregon,Multnomah,0.9508196721311475,0.04644808743169399,0.00273224043715847,0.0,0.0,0.0,0.8602739726027397,0.1232876712328767,0.0027397260273972603,0.0136986301369863,0.0,0.0,1.0,1.0,1
Oregon,Washington,0.8797814207650273,0.12021857923497267,0.0,0.0,0.0,0.0,0.7972602739726027,0.16986301369863013,0.0273972602739726,0.005479452054794521,0.0,0.0,1.0,1.0,1
Pennsylvania,Adams,0.7759562841530054,0.2103825136612022,0.01366120218579235,0.0,0.0,0.0,0.8,0.19726027397260273,0.0027397260273972603,0.0,0.0,0.0,1.0,1.0,0
Pennsylvania,Allegheny,0.48360655737704916,0.45901639344262296,0.0546448087431694,0.00273224043715847,0.0,0.0,0.4410958904109589,0.473972602739726,0.0821917808219178,0.0027397260273972603,0.0,0.0,0.0,0.0,0
Pennsylvania,Armstrong,0.6082191780821918,0.3780821917808219,0.0136986301369863,0.0,0.0,0.0,0.6592797783933518,0.3407202216066482,0.0,0.0,0.0,0.0,1.0,1.0,0
Pennsylvania,Beaver,0.6338797814207651,0.3551912568306011,0.01092896174863388,0.0,0.0,0.0,0.5780821917808219,0.41643835616438357,0.005479452054794521,0.0,0.0,0.0,1.0,0.0,0
Pennsylvania,Berks,0.6065573770491803,0.3743169398907104,0.01912568306010929,0.0,0.0,0.0,0.673972602739726,0.31232876712328766,0.0136986301369863,0.0,0.0,0.0,0.0,1.0,0
Pennsylvania,Blair,0.7786885245901639,0.21584699453551912,0.00546448087431694,0.0,0.0,0.0,0.8038674033149171,0.19613259668508287,0.0,0.0,0.0,0.0,1.0,1.0,1
Pennsylvania,Bradford,0.8798882681564246,0.12011173184357542,0.0,0.0,0.0,0.0,0.8729281767955801,0.1270718232044199,0.0,0.0,0.0,0.0,1.0,1.0,1
Pennsylvania,Cambria,0.7150684931506849,0.28493150684931506,0.0,0.0,0.0,0.0,0.5741758241758241,0.4258241758241758,0.0,0.0,0.0,0.0,1.0,0.0,1
Pennsylvania,Centre,0.7923497267759563,0.20218579234972678,0.00546448087431694,0.0,0.0,0.0,0.6931506849315069,0.30684931506849317,0.0,0.0,0.0,0.0,1.0,1.0,1
Pennsylvania,Chester,0.6246575342465753,0.3506849315068493,0.024657534246575342,0.0,0.0,0.0,0.6071428571428571,0.3791208791208791,0.013736263736263736,0.0,0.0,0.0,1.0,0.0,1
Pennsylvania,Cumberland,0.7561643835616438,0.2410958904109589,0.0027397260273972603,0.0,0.0,0.0,0.7994428969359332,0.1977715877437326,0.002785515320334262,0.0,0.0,0.0,0.0,0.0,1
Pennsylvania,Dauphin,0.6830601092896175,0.3005464480874317,0.01639344262295082,0.0,0.0,0.0,0.7534246575342466,0.24383561643835616,0.0027397260273972603,0.0,0.0,0.0,1.0,1.0,1
Pennsylvania,Delaware,0.546448087431694,0.43989071038251365,0.01366120218579235,0.0,0.0,0.0,0.6684931506849315,0.32602739726027397,0.005479452054794521,0.0,0.0,0.0,0.0,0.0,0
Pennsylvania,Erie,0.8060109289617486,0.1885245901639344,0.00546448087431694,0.0,0.0,0.0,0.7945205479452054,0.20273972602739726,0.0027397260273972603,0.0,0.0,0.0,1.0,1.0,1
Pennsylvania,Greene,0.8788732394366198,0.11830985915492957,0.0028169014084507044,0.0,0.0,0.0,0.8764044943820225,0.12359550561797752,0.0,0.0,0.0,0.0,1.0,1.0,1
Pennsylvania,Indiana,0.8661202185792349,0.12295081967213115,0.01092896174863388,0.0,0.0,0.0,0.9060773480662984,0.09116022099447514,0.0027624309392265192,0.0,0.0,0.0,1.0,1.0,1
Pennsylvania,Lackawanna,0.7978142076502732,0.1912568306010929,0.01092896174863388,0.0,0.0,0.0,0.7857142857142857,0.21428571428571427,0.0,0.0,0.0,0.0,1.0,1.0,1
Pennsylvania,Lancaster,0.5109289617486339,0.4726775956284153,0.01639344262295082,0.0,0.0,0.0,0.5616438356164384,0.4273972602739726,0.010958904109589041,0.0,0.0,0.0,0.0,0.0,0
Pennsylvania,Lawrence,0.914364640883978,0.08287292817679558,0.0027624309392265192,0.0,0.0,0.0,0.9095890410958904,0.09041095890410959,0.0,0.0,0.0,0.0,1.0,1.0,1
Pennsylvania,Lebanon,0.5163934426229508,0.4644808743169399,0.01912568306010929,0.0,0.0,0.0,0.4958904109589041,0.5013698630136987,0.0027397260273972603,0.0,0.0,0.0,0.0,0.0,0
Pennsylvania,Lehigh,0.6311475409836066,0.3524590163934426,0.01639344262295082,0.0,0.0,0.0,0.8054794520547945,0.1917808219178082,0.0027397260273972603,0.0,0.0,0.0,0.0,1.0,1
Pennsylvania,Luzerne,0.9180327868852459,0.07923497267759563,0.00273224043715847,0.0,0.0,0.0,0.9698630136986301,0.030136986301369864,0.0,0.0,0.0,0.0,1.0,1.0,0
Pennsylvania,Mercer,0.7213114754098361,0.27049180327868855,0.00819672131147541,0.0,0.0,0.0,0.5452054794520548,0.44931506849315067,0.005479452054794521,0.0,0.0,0.0,1.0,0.0,0
Pennsylvania,Monroe,0.8469945355191257,0.1448087431693989,0.00819672131147541,0.0,0.0,0.0,0.8379120879120879,0.1620879120879121,0.0,0.0,0.0,0.0,1.0,1.0,0
Pennsylvania,Northampton,0.5683060109289617,0.40437158469945356,0.02459016393442623,0.0,0.00273224043715847,0.0,0.4958904109589041,0.4876712328767123,0.00821917808219178,0.00821917808219178,0.0,0.0,1.0,0.0,0
Pennsylvania,Philadelphia,0.5245901639344263,0.45081967213114754,0.02459016393442623,0.0,0.0,0.0,0.5205479452054794,0.4465753424657534,0.0273972602739726,0.005479452054794521,0.0,0.0,0.0,0.0,0
Pennsylvania,Somerset,0.907563025210084,0.0896358543417367,0.0028011204481792717,0.0,0.0,0.0,0.9421487603305785,0.05785123966942149,0.0,0.0,0.0,0.0,1.0,1.0,1
Pennsylvania,Tioga,0.855191256830601,0.13934426229508196,0.00546448087431694,0.0,0.0,0.0,0.6942148760330579,0.30578512396694213,0.0,0.0,0.0,0.0,1.0,0.0,1
Pennsylvania,Warren,0.9617486338797814,0.03825136612021858,0.0,0.0,0.0,0.0,0.9808219178082191,0.01643835616438356,0.0027397260273972603,0.0,0.0,0.0,0.0,0.0,0
Pennsylvania,Washington,0.5710382513661202,0.4180327868852459,0.01092896174863388,0.0,0.0,0.0,0.589041095890411,0.40821917808219177,0.0027397260273972603,0.0,0.0,0.0,0.0,0.0,0
Pennsylvania,Westmoreland,0.5956284153005464,0.3907103825136612,0.01366120218579235,0.0,0.0,0.0,0.5828729281767956,0.4171270718232044,0.0,0.0,0.0,0.0,0.0,0.0,0
Pennsylvania,York,0.644808743169399,0.34153005464480873,0.01366120218579235,0.0,0.0,0.0,0.7287671232876712,0.27123287671232876,0.0,0.0,0.0,0.0,1.0,1.0,1
South Carolina,Charleston,0.8694444444444445,0.11666666666666667,0.008333333333333333,0.005555555555555556,0.0,0.0,0.8393351800554016,0.15789473684210525,0.002770083102493075,0.0,0.0,0.0,0.0,1.0,1
South Carolina,Chesterfield,0.8342696629213483,0.16292134831460675,0.0028089887640449437,0.0,0.0,0.0,0.8994413407821229,0.09776536312849161,0.002793296089385475,0.0,0.0,0.0,1.0,1.0,0
South Carolina,Greenville,0.726775956284153,0.2568306010928962,0.01092896174863388,0.00546448087431694,0.0,0.0,0.7205479452054795,0.27945205479452057,0.0,0.0,0.0,0.0,1.0,1.0,1
South Carolina,Lexington,0.8121546961325967,0.18232044198895028,0.0,0.0055248618784530384,0.0,0.0,0.8259668508287292,0.17403314917127072,0.0,0.0,0.0,0.0,0.0,0.0,1
South Carolina,Oconee,0.8950276243093923,0.09944751381215469,0.0055248618784530384,0.0,0.0,0.0,0.9146005509641874,0.08539944903581267,0.0,0.0,0.0,0.0,1.0,1.0,1
South Carolina,Richland,0.7486338797814208,0.23770491803278687,0.00819672131147541,0.00546448087431694,0.0,0.0,0.821917808219178,0.1726027397260274,0.005479452054794521,0.0,0.0,0.0,1.0,1.0,0
South Carolina,Spartanburg,0.6837606837606838,0.31054131054131057,0.005698005698005698,0.0,0.0,0.0,0.7720797720797721,0.22507122507122507,0.002849002849002849,0.0,0.0,0.0,0.0,1.0,1
South Dakota,Brookings,0.936986301369863,0.06027397260273973,0.0027397260273972603,0.0,0.0,0.0,0.9041095890410958,0.0958904109589041,0.0,0.0,0.0,0.0,1.0,1.0,0
South Dakota,Codington,0.9153005464480874,0.08469945355191257,0.0,0.0,0.0,0.0,0.9038461538461539,0.09615384615384616,0.0,0.0,0.0,0.0,0.0,0.0,1
South Dakota,Custer,0.9398907103825137,0.060109289617486336,0.0,0.0,0.0,0.0,0.8567493112947658,0.1349862258953168,0.005509641873278237,0.0027548209366391185,0.0,0.0,1.0,1.0,1
South Dakota,Hughes,0.9857954545454546,0.014204545454545454,0.0,0.0,0.0,0.0,0.9803370786516854,0.019662921348314606,0.0,0.0,0.0,0.0,0.0,0.0,1
South Dakota,Jackson,0.9560439560439561,0.04395604395604396,0.0,0.0,0.0,0.0,0.8712328767123287,0.1232876712328767,0.005479452054794521,0.0,0.0,0.0,1.0,1.0,1
South Dakota,Meade,0.9672131147540983,0.03278688524590164,0.0,0.0,0.0,0.0,0.989041095890411,0.010958904109589041,0.0,0.0,0.0,0.0,1.0,1.0,1
South Dakota,Minnehaha,0.8524590163934426,0.14207650273224043,0.00546448087431694,0.0,0.0,0.0,0.8712328767123287,0.12876712328767123,0.0,0.0,0.0,0.0,1.0,1.0,0
South Dakota,Pennington,0.8442622950819673,0.15300546448087432,0.00273224043715847,0.0,0.0,0.0,0.8356164383561644,0.1506849315068493,0.010958904109589041,0.0027397260273972603,0.0,0.0,0.0,0.0,0
South Dakota,Union,0.8852459016393442,0.1092896174863388,0.00546448087431694,0.0,0.0,0.0,0.8547945205479452,0.14520547945205478,0.0,0.0,0.0,0.0,1.0,1.0,0
Tennessee,Anderson,0.8913649025069638,0.10863509749303621,0.0,0.0,0.0,0.0,0.9148351648351648,0.08516483516483517,0.0,0.0,0.0,0.0,1.0,1.0,1
Tennessee,Blount,0.8060109289617486,0.17759562841530055,0.01092896174863388,0.00546448087431694,0.0,0.0,0.736986301369863,0.2602739726027397,0.0027397260273972603,0.0,0.0,0.0,1.0,1.0,0
Tennessee,Davidson,0.680327868852459,0.30601092896174864,0.01092896174863388,0.0,0.00273224043715847,0.0,0.6547945205479452,0.3424657534246575,0.0027397260273972603,0.0,0.0,0.0,0.0,0.0,0
Tennessee,DeKalb,0.9401709401709402,0.05982905982905983,0.0,0.0,0.0,0.0,0.9614325068870524,0.03856749311294766,0.0,0.0,0.0,0.0,1.0,1.0,1
Tennessee,Knox,0.6475409836065574,0.3333333333333333,0.01092896174863388,0.00819672131147541,0.0,0.0,0.8310249307479224,0.16897506925207756,0.0,0.0,0.0,0.0,1.0,1.0,0
Tennessee,Sevier,0.8296089385474861,0.16201117318435754,0.008379888268156424,0.0,0.0,0.0,0.8269230769230769,0.17307692307692307,0.0,0.0,0.0,0.0,1.0,1.0,0
Tennessee,Shelby,0.7540983606557377,0.22950819672131148,0.01639344262295082,0.0,0.0,0.0,0.7780821917808219,0.21095890410958903,0.00821917808219178,0.0027397260273972603,0.0,0.0,1.0,1.0,0
Tennessee,Sullivan,0.6420765027322405,0.2896174863387978,0.06557377049180328,0.00273224043715847,0.0,0.0,0.5726027397260274,0.3780821917808219,0.04657534246575343,0.0027397260273972603,0.0,0.0,1.0,0.0,0
Texas,Bell,0.9068493150684932,0.09315068493150686,0.0,0.0,0.0,0.0,0.8301369863013699,0.15616438356164383,0.0136986301369863,0.0,0.0,0.0,1.0,1.0,0
Texas,Bexar,0.73224043715847,0.25136612021857924,0.01366120218579235,0.00273224043715847,0.0,0.0,0.7237569060773481,0.2596685082872928,0.011049723756906077,0.0055248618784530384,0.0,0.0,1.0,1.0,0
Texas,Brazoria,0.855191256830601,0.1366120218579235,0.00819672131147541,0.0,0.0,0.0,0.8571428571428571,0.12324929971988796,0.01680672268907563,0.0028011204481792717,0.0,0.0,1.0,1.0,0
Texas,Brewster,0.8941504178272981,0.10584958217270195,0.0,0.0,0.0,0.0,0.8646408839779005,0.13535911602209943,0.0,0.0,0.0,0.0,1.0,1.0,1
Texas,Cameron,0.7568306010928961,0.23770491803278687,0.00546448087431694,0.0,0.0,0.0,0.8383561643835616,0.16164383561643836,0.0,0.0,0.0,0.0,0.0,1.0,1
Texas,Collin,0.8760330578512396,0.11294765840220386,0.011019283746556474,0.0,0.0,0.0,0.8622589531680441,0.1184573002754821,0.01928374655647383,0.0,0.0,0.0,1.0,1.0,0
Texas,Dallas,0.7213114754098361,0.27049180327868855,0.00819672131147541,0.0,0.0,0.0,0.6547945205479452,0.32602739726027397,0.019178082191780823,0.0,0.0,0.0,1.0,1.0,0
Texas,Denton,0.7950819672131147,0.17486338797814208,0.030054644808743168,0.0,0.0,0.0,0.7890410958904109,0.1863013698630137,0.024657534246575342,0.0,0.0,0.0,1.0,1.0,0
Texas,Ector,0.9205479452054794,0.07671232876712329,0.0027397260273972603,0.0,0.0,0.0,0.9628571428571429,0.037142857142857144,0.0,0.0,0.0,0.0,0.0,0.0,1
Texas,El Paso,0.5409836065573771,0.4426229508196721,0.01639344262295082,0.0,0.0,0.0,0.4657534246575342,0.4712328767123288,0.057534246575342465,0.005479452054794521,0.0,0.0,1.0,1.0,0
Texas,Ellis,0.825136612021858,0.17486338797814208,0.0,0.0,0.0,0.0,0.7589041095890411,0.2328767123287671,0.00821917808219178,0.0,0.0,0.0,1.0,1.0,0
Texas,Fayette,0.9307479224376731,0.06925207756232687,0.0,0.0,0.0,0.0,0.9291784702549575,0.0708215297450425,0.0,0.0,0.0,0.0,0.0,0.0,1
Texas,Galveston,0.7841530054644809,0.1994535519125683,0.01639344262295082,0.0,0.0,0.0,0.8061797752808989,0.17696629213483145,0.016853932584269662,0.0,0.0,0.0,1.0,1.0,0
Texas,Gregg,0.9098360655737705,0.09016393442622951,0.0,0.0,0.0,0.0,0.9230769230769231,0.07417582417582418,0.0027472527472527475,0.0,0.0,0.0,1.0,1.0,1
Texas,Harris,0.5437158469945356,0.4098360655737705,0.04371584699453552,0.00273224043715847,0.0,0.0,0.5671232876712329,0.3780821917808219,0.049315068493150684,0.005479452054794521,0.0,0.0,1.0,0.0,0
Texas,Harrison,0.8961748633879781,0.10382513661202186,0.0,0.0,0.0,0.0,0.8236914600550964,0.1763085399449036,0.0,0.0,0.0,0.0,1.0,1.0,0
Texas,Hidalgo,0.7896174863387978,0.20765027322404372,0.00273224043715847,0.0,0.0,0.0,0.7698630136986301,0.23013698630136986,0.0,0.0,0.0,0.0,1.0,0.0,0
Texas,Hunt,0.9590163934426229,0.040983606557377046,0.0,0.0,0.0,0.0,0.9397260273972603,0.06027397260273973,0.0,0.0,0.0,0.0,1.0,1.0,0
Texas,Jefferson,0.7295081967213115,0.23770491803278687,0.030054644808743168,0.00273224043715847,0.0,0.0,0.6794520547945205,0.29863013698630136,0.021917808219178082,0.0,0.0,0.0,1.0,1.0,0
Texas,Kaufman,0.8989071038251366,0.10109289617486339,0.0,0.0,0.0,0.0,0.8575342465753425,0.13972602739726028,0.0027397260273972603,0.0,0.0,0.0,1.0,1.0,1
Texas,Montgomery,0.7650273224043715,0.22404371584699453,0.01092896174863388,0.0,0.0,0.0,0.768595041322314,0.21212121212121213,0.01928374655647383,0.0,0.0,0.0,1.0,1.0,0
Texas,Navarro,0.8278688524590164,0.1721311475409836,0.0,0.0,0.0,0.0,0.7123287671232876,0.27123287671232876,0.0136986301369863,0.0027397260273972603,0.0,0.0,1.0,1.0,0
Texas,Nueces,0.8387978142076503,0.16120218579234974,0.0,0.0,0.0,0.0,0.7815126050420168,0.2184873949579832,0.0,0.0,0.0,0.0,1.0,1.0,1
Texas,Orange,0.907103825136612,0.09016393442622951,0.00273224043715847,0.0,0.0,0.0,0.7859154929577464,0.2,0.014084507042253521,0.0,0.0,0.0,1.0,0.0,0
Texas,Parker,0.9123287671232877,0.08493150684931507,0.0,0.0027397260273972603,0.0,0.0,0.9083333333333333,0.08888888888888889,0.002777777777777778,0.0,0.0,0.0,1.0,1.0,0
Texas,Potter,0.9890710382513661,0.01092896174863388,0.0,0.0,0.0,0.0,0.8465753424657534,0.1178082191780822,0.03561643835616438,0.0,0.0,0.0,0.0,0.0,0
Texas,Smith,0.9398907103825137,0.05737704918032787,0.00273224043715847,0.0,0.0,0.0,0.9230769230769231,0.07692307692307693,0.0,0.0,0.0,0.0,1.0,1.0,0
Texas,Tarrant,0.7459016393442623,0.23224043715846995,0.01912568306010929,0.00273224043715847,0.0,0.0,0.6904109589041096,0.273972602739726,0.03561643835616438,0.0,0.0,0.0,1.0,1.0,0
Texas,Travis,0.7650273224043715,0.23224043715846995,0.00273224043715847,0.0,0.0,0.0,0.7178082191780822,0.27123287671232876,0.010958904109589041,0.0,0.0,0.0,1.0,1.0,0
Utah,Box Elder,0.7786885245901639,0.2103825136612022,0.01092896174863388,0.0,0.0,0.0,0.6328767123287671,0.336986301369863,0.0273972602739726,0.0027397260273972603,0.0,0.0,1.0,1.0,0
Utah,Cache,0.7786885245901639,0.1994535519125683,0.02185792349726776,0.0,0.0,0.0,0.6958904109589041,0.25753424657534246,0.03561643835616438,0.010958904109589041,0.0,0.0,1.0,1.0,0
Utah,Davis,0.7240437158469946,0.23770491803278687,0.03825136612021858,0.0,0.0,0.0,0.5342465753424658,0.38904109589041097,0.07671232876712329,0.0,0.0,0.0,1.0,1.0,0
Utah,Duchesne,0.7513661202185792,0.226775956284153,0.01366120218579235,0.00819672131147541,0.0,0.0,0.7616438356164383,0.2136986301369863,0.01643835616438356,0.00821917808219178,0.0,0.0,1.0,1.0,0
Utah,Salt Lake,0.5163934426229508,0.4098360655737705,0.06284153005464481,0.01092896174863388,0.0,0.0,0.4712328767123288,0.41643835616438357,0.1095890410958904,0.0027397260273972603,0.0,0.0,1.0,1.0,0
Utah,Tooele,0.7622950819672131,0.2185792349726776,0.01639344262295082,0.00273224043715847,0.0,0.0,0.6493150684931507,0.3041095890410959,0.04657534246575343,0.0,0.0,0.0,1.0,1.0,0
Utah,Uintah,0.680327868852459,0.2896174863387978,0.01092896174863388,0.01366120218579235,0.00546448087431694,0.0,0.6383561643835617,0.3315068493150685,0.00821917808219178,0.01643835616438356,0.005479452054794521,0.0,1.0,1.0,0
Utah,Utah,0.6092896174863388,0.33879781420765026,0.04644808743169399,0.00546448087431694,0.0,0.0,0.5013698630136987,0.4602739726027397,0.030136986301369864,0.00821917808219178,0.0,0.0,1.0,1.0,0
Utah,Washington,0.7814207650273224,0.2185792349726776,0.0,0.0,0.0,0.0,0.7150684931506849,0.2821917808219178,0.0027397260273972603,0.0,0.0,0.0,1.0,1.0,0
Utah,Weber,0.6366120218579235,0.3087431693989071,0.0546448087431694,0.0,0.0,0.0,0.5315068493150685,0.4054794520547945,0.057534246575342465,0.005479452054794521,0.0,0.0,1.0,1.0,0
Vermont,Bennington,0.9371584699453552,0.060109289617486336,0.00273224043715847,0.0,0.0,0.0,0.9285714285714286,0.06868131868131869,0.0027472527472527475,0.0,0.0,0.0,1.0,1.0,0
Vermont,Chittenden,0.953551912568306,0.04644808743169399,0.0,0.0,0.0,0.0,0.936986301369863,0.06301369863013699,0.0,0.0,0.0,0.0,1.0,1.0,1
Vermont,Rutland,0.8743169398907104,0.12568306010928962,0.0,0.0,0.0,0.0,0.852054794520548,0.14794520547945206,0.0,0.0,0.0,0.0,1.0,1.0,1
Virginia,Arlington,0.8169398907103825,0.16393442622950818,0.01912568306010929,0.0,0.0,0.0,0.8571428571428571,0.1346153846153846,0.008241758241758242,0.0,0.0,0.0,1.0,1.0,0
Virginia,Charles,0.9368131868131868,0.06043956043956044,0.0027472527472527475,0.0,0.0,0.0,0.9478021978021978,0.0521978021978022,0.0,0.0,0.0,0.0,1.0,1.0,0
Virginia,Fairfax,0.7759562841530054,0.20765027322404372,0.01639344262295082,0.0,0.0,0.0,0.7835616438356164,0.2136986301369863,0.0027397260273972603,0.0,0.0,0.0,0.0,0.0,0
Virginia,Hampton City,0.9116022099447514,0.08287292817679558,0.0055248618784530384,0.0,0.0,0.0,0.8904109589041096,0.1095890410958904,0.0,0.0,0.0,0.0,1.0,1.0,1
Virginia,Henrico,0.8379120879120879,0.15384615384615385,0.008241758241758242,0.0,0.0,0.0,0.8465753424657534,0.1506849315068493,0.0,0.0027397260273972603,0.0,0.0,1.0,1.0,0
Virginia,Loudoun,0.8688524590163934,0.1284153005464481,0.00273224043715847,0.0,0.0,0.0,0.8712328767123287,0.12876712328767123,0.0,0.0,0.0,0.0,1.0,1.0,1
Virginia,Madison,0.8975069252077562,0.0997229916897507,0.002770083102493075,0.0,0.0,0.0,0.914364640883978,0.0856353591160221,0.0,0.0,0.0,0.0,1.0,1.0,1
Virginia,Norfolk City,0.9861878453038674,0.013812154696132596,0.0,0.0,0.0,0.0,0.9834254143646409,0.016574585635359115,0.0,0.0,0.0,0.0,0.0,0.0,1
Virginia,Richmond City,0.8314917127071824,0.1685082872928177,0.0,0.0,0.0,0.0,0.9041095890410958,0.0958904109589041,0.0,0.0,0.0,0.0,0.0,0.0,1
Virginia,Roanoke,0.8712328767123287,0.12876712328767123,0.0,0.0,0.0,0.0,0.8958904109589041,0.10410958904109589,0.0,0.0,0.0,0.0,1.0,1.0,1
Virginia,Rockingham,0.912568306010929,0.08469945355191257,0.00273224043715847,0.0,0.0,0.0,0.9287671232876712,0.07123287671232877,0.0,0.0,0.0,0.0,1.0,1.0,1
Washington,Benton,0.8879781420765027,0.10655737704918032,0.00546448087431694,0.0,0.0,0.0,0.7479452054794521,0.2136986301369863,0.024657534246575342,0.0136986301369863,0.0,0.0,0.0,0.0,0
Washington,Chelan,0.9016393442622951,0.09836065573770492,0.0,0.0,0.0,0.0,0.7726027397260274,0.16986301369863013,0.024657534246575342,0.024657534246575342,0.00821917808219178,0.0,0.0,0.0,1
Washington,Clallam,0.8961748633879781,0.10382513661202186,0.0,0.0,0.0,0.0,0.8027397260273973,0.17534246575342466,0.010958904109589041,0.010958904109589041,0.0,0.0,1.0,1.0,1
Washington,Clark,0.8961748633879781,0.10382513661202186,0.0,0.0,0.0,0.0,0.7972602739726027,0.18082191780821918,0.0136986301369863,0.00821917808219178,0.0,0.0,0.0,0.0,0
Washington,Cowlitz,0.9586776859504132,0.04132231404958678,0.0,0.0,0.0,0.0,0.8931506849315068,0.10136986301369863,0.0027397260273972603,0.0027397260273972603,0.0,0.0,0.0,0.0,1
Washington,Grant,0.9695290858725761,0.030470914127423823,0.0,0.0,0.0,0.0,0.8602739726027397,0.11232876712328767,0.010958904109589041,0.01643835616438356,0.0,0.0,0.0,0.0,1
Washington,Grays Harbor,0.9752747252747253,0.024725274725274724,0.0,0.0,0.0,0.0,0.9424657534246575,0.049315068493150684,0.005479452054794521,0.0027397260273972603,0.0,0.0,0.0,0.0,1
Washington,Jefferson,0.9885057471264368,0.011494252873563218,0.0,0.0,0.0,0.0,0.9534246575342465,0.043835616438356165,0.0027397260273972603,0.0,0.0,0.0,0.0,0.0,1
Washington,King,0.8497267759562842,0.15027322404371585,0.0,0.0,0.0,0.0,0.726027397260274,0.22465753424657534,0.0273972602739726,0.019178082191780823,0.0027397260273972603,0.0,0.0,0.0,0
Washington,Kitsap,0.9971988795518207,0.0028011204481792717,0.0,0.0,0.0,0.0,0.95,0.03611111111111111,0.013888888888888888,0.0,0.0,0.0,0.0,0.0,1
Washington,Kittitas,0.8469945355191257,0.1366120218579235,0.01639344262295082,0.0,0.0,0.0,0.7718309859154929,0.18309859154929578,0.030985915492957747,0.008450704225352112,0.005633802816901409,0.0,0.0,0.0,1
Washington,Lewis,0.9699453551912568,0.030054644808743168,0.0,0.0,0.0,0.0,0.8958904109589041,0.0958904109589041,0.0027397260273972603,0.005479452054794521,0.0,0.0,0.0,0.0,1
Washington,Mason,0.9617486338797814,0.03825136612021858,0.0,0.0,0.0,0.0,0.8953168044077136,0.09917355371900827,0.0027548209366391185,0.0027548209366391185,0.0,0.0,0.0,0.0,1
Washington,Okanogan,0.7021857923497268,0.2923497267759563,0.00546448087431694,0.0,0.0,0.0,0.6,0.35342465753424657,0.005479452054794521,0.038356164383561646,0.0027397260273972603,0.0,0.0,0.0,0
Washington,Pierce,0.855191256830601,0.14207650273224043,0.0,0.00273224043715847,0.0,0.0,0.7671232876712328,0.19726027397260273,0.01643835616438356,0.019178082191780823,0.0,0.0,1.0,1.0,1
Washington,Skagit,0.9672131147540983,0.03278688524590164,0.0,0.0,0.0,0.0,0.9561643835616438,0.043835616438356165,0.0,0.0,0.0,0.0,1.0,1.0,0
Washington,Snohomish,0.8661202185792349,0.12568306010928962,0.00819672131147541,0.0,0.0,0.0,0.7506849315068493,0.2054794520547945,0.03561643835616438,0.00821917808219178,0.0,0.0,0.0,0.0,1
Washington,Spokane,0.8333333333333334,0.16666666666666666,0.0,0.0,0.0,0.0,0.7205479452054795,0.2356164383561644,0.0273972602739726,0.00821917808219178,0.00821917808219178,0.0,0.0,0.0,1
Washington,Stevens,0.7950819672131147,0.1994535519125683,0.00546448087431694,0.0,0.0,0.0,0.6547945205479452,0.29863013698630136,0.021917808219178082,0.024657534246575342,0.0,0.0,0.0,0.0,1
Washington,Thurston,0.9398280802292264,0.06017191977077364,0.0,0.0,0.0,0.0,0.8484848484848485,0.14049586776859505,0.005509641873278237,0.005509641873278237,0.0,0.0,0.0,0.0,1
Washington,Whatcom,0.9799426934097422,0.02005730659025788,0.0,0.0,0.0,0.0,0.6657534246575343,0.29041095890410956,0.03561643835616438,0.00821917808219178,0.0,0.0,0.0,0.0,0
Washington,Whitman,0.9808743169398907,0.01912568306010929,0.0,0.0,0.0,0.0,0.8986301369863013,0.07397260273972603,0.0136986301369863,0.0136986301369863,0.0,0.0,0.0,0.0,1
Washington,Yakima,0.7021857923497268,0.2650273224043716,0.02185792349726776,0.01092896174863388,0.0,0.0,0.6383561643835617,0.2821917808219178,0.057534246575342465,0.0136986301369863,0.00821917808219178,0.0,0.0,0.0,1
West Virginia,Brooke,0.8852459016393442,0.10655737704918032,0.00819672131147541,0.0,0.0,0.0,0.8849315068493151,0.11506849315068493,0.0,0.0,0.0,0.0,0.0,0.0,0
West Virginia,Hancock,0.8633879781420765,0.1366120218579235,0.0,0.0,0.0,0.0,0.8876712328767123,0.11232876712328767,0.0,0.0,0.0,0.0,1.0,1.0,0
West Virginia,Kanawha,0.8428571428571429,0.15142857142857144,0.005714285714285714,0.0,0.0,0.0,0.8269230769230769,0.17032967032967034,0.0027472527472527475,0.0,0.0,0.0,1.0,1.0,0
West Virginia,Marshall,0.8204419889502762,0.17955801104972377,0.0,0.0,0.0,0.0,0.6027397260273972,0.3972602739726027,0.0,0.0,0.0,0.0,0.0,0.0,1
West Virginia,Tucker,0.9325842696629213,0.06460674157303371,0.0028089887640449437,0.0,0.0,0.0,0.9629629629629629,0.037037037037037035,0.0,0.0,0.0,0.0,1.0,1.0,1
West Virginia,Wood,0.8760330578512396,0.12121212121212122,0.0027548209366391185,0.0,0.0,0.0,0.9159663865546218,0.08403361344537816,0.0,0.0,0.0,0.0,1.0,1.0,1
Wisconsin,Ashland,0.9664804469273743,0.0335195530726257,0.0,0.0,0.0,0.0,0.9861878453038674,0.013812154696132596,0.0,0.0,0.0,0.0,1.0,1.0,1
Wisconsin,Brown,0.855191256830601,0.1366120218579235,0.00819672131147541,0.0,0.0,0.0,0.8873626373626373,0.11263736263736264,0.0,0.0,0.0,0.0,0.0,1.0,0
Wisconsin,Dane,0.8169398907103825,0.1830601092896175,0.0,0.0,0.0,0.0,0.8164383561643835,0.18356164383561643,0.0,0.0,0.0,0.0,0.0,1.0,0
Wisconsin,Dodge,0.8497267759562842,0.14207650273224043,0.00819672131147541,0.0,0.0,0.0,0.8602739726027397,0.136986301369863,0.0027397260273972603,0.0,0.0,0.0,1.0,1.0,0
Wisconsin,Eau Claire,0.883008356545961,0.116991643454039,0.0,0.0,0.0,0.0,0.8876712328767123,0.11232876712328767,0.0,0.0,0.0,0.0,0.0,1.0,0
Wisconsin,Forest,0.9577464788732394,0.03943661971830986,0.0028169014084507044,0.0,0.0,0.0,0.9532967032967034,0.046703296703296704,0.0,0.0,0.0,0.0,1.0,1.0,1
Wisconsin,Kenosha,0.7596685082872928,0.19889502762430938,0.03591160220994475,0.0055248618784530384,0.0,0.0,0.7555555555555555,0.21666666666666667,0.027777777777777776,0.0,0.0,0.0,1.0,1.0,0
Wisconsin,La Crosse,0.8929577464788733,0.10704225352112676,0.0,0.0,0.0,0.0,0.8638888888888889,0.1361111111111111,0.0,0.0,0.0,0.0,0.0,1.0,1
Wisconsin,Milwaukee,0.7431693989071039,0.23497267759562843,0.01912568306010929,0.00273224043715847,0.0,0.0,0.7506849315068493,0.23835616438356164,0.010958904109589041,0.0,0.0,0.0,1.0,1.0,0
Wisconsin,Oneida,0.8688524590163934,0.09562841530054644,0.03551912568306011,0.0,0.0,0.0,0.9862637362637363,0.013736263736263736,0.0,0.0,0.0,0.0,0.0,0.0,1
Wisconsin,Outagamie,0.8595988538681948,0.1346704871060172,0.0057306590257879654,0.0,0.0,0.0,0.8191780821917808,0.15616438356164383,0.024657534246575342,0.0,0.0,0.0,1.0,1.0,0
Wisconsin,Ozaukee,0.828169014084507,0.14647887323943662,0.022535211267605635,0.0028169014084507044,0.0,0.0,0.8419540229885057,0.13505747126436782,0.022988505747126436,0.0,0.0,0.0,1.0,1.0,0
Wisconsin,Sauk,0.8961748633879781,0.10109289617486339,0.00273224043715847,0.0,0.0,0.0,0.8763736263736264,0.12362637362637363,0.0,0.0,0.0,0.0,1.0,0.0,0
Wisconsin,Taylor,0.925,0.075,0.0,0.0,0.0,0.0,0.9228650137741047,0.07713498622589532,0.0,0.0,0.0,0.0,1.0,1.0,1
Wisconsin,Waukesha,0.7694444444444445,0.23055555555555557,0.0,0.0,0.0,0.0,0.7994428969359332,0.20055710306406685,0.0,0.0,0.0,0.0,0.0,1.0,0
Wyoming,Albany,0.726775956284153,0.273224043715847,0.0,0.0,0.0,0.0,0.6164383561643836,0.37534246575342467,0.005479452054794521,0.0027397260273972603,0.0,0.0,1.0,1.0,0
Wyoming,Campbell,0.7158469945355191,0.2814207650273224,0.00273224043715847,0.0,0.0,0.0,0.6575342465753424,0.3232876712328767,0.010958904109589041,0.00821917808219178,0.0,0.0,1.0,1.0,0
Wyoming,Carbon,0.9153005464480874,0.08469945355191257,0.0,0.0,0.0,0.0,0.8465753424657534,0.1506849315068493,0.0027397260273972603,0.0,0.0,0.0,1.0,1.0,1
Wyoming,Converse,0.8524590163934426,0.1448087431693989,0.0,0.00273224043715847,0.0,0.0,0.7945205479452054,0.19726027397260273,0.00821917808219178,0.0,0.0,0.0,1.0,1.0,1
Wyoming,Fremont,0.8333333333333334,0.16666666666666666,0.0,0.0,0.0,0.0,0.6383561643835617,0.35342465753424657,0.00821917808219178,0.0,0.0,0.0,1.0,1.0,1
Wyoming,Laramie,0.860655737704918,0.13934426229508196,0.0,0.0,0.0,0.0,0.7698630136986301,0.2219178082191781,0.0027397260273972603,0.005479452054794521,0.0,0.0,1.0,1.0,1
Wyoming,Lincoln,0.9918032786885246,0.00819672131147541,0.0,0.0,0.0,0.0,0.9534246575342465,0.043835616438356165,0.0,0.0,0.0027397260273972603,0.0,0.0,0.0,1
Wyoming,Natrona,0.9098360655737705,0.09016393442622951,0.0,0.0,0.0,0.0,0.8136986301369863,0.18082191780821918,0.005479452054794521,0.0,0.0,0.0,1.0,1.0,1
Wyoming,Sheridan,0.9098360655737705,0.08743169398907104,0.00273224043715847,0.0,0.0,0.0,0.7095890410958904,0.27945205479452057,0.00821917808219178,0.0027397260273972603,0.0,0.0,1.0,1.0,0
Wyoming,Sublette,0.8114754098360656,0.18579234972677597,0.00273224043715847,0.0,0.0,0.0,0.6246575342465753,0.35342465753424657,0.021917808219178082,0.0,0.0,0.0,1.0,1.0,1
Wyoming,Sweetwater,0.8278688524590164,0.16939890710382513,0.00273224043715847,0.0,0.0,0.0,0.7095890410958904,0.273972602739726,0.00821917808219178,0.005479452054794521,0.0027397260273972603,0.0,1.0,1.0,0
Wyoming,Teton,0.9043715846994536,0.09562841530054644,0.0,0.0,0.0,0.0,0.8191780821917808,0.1780821917808219,0.0027397260273972603,0.0,0.0,0.0,1.0,1.0,0
Wyoming,Weston,0.8879781420765027,0.11202185792349727,0.0,0.0,0.0,0.0,0.9123287671232877,0.08767123287671233,0.0,0.0,0.0,0.0,1.0,1.0,0
